state,stateabbr,statecode,election,year,wave,numresponses,contacted,responserate,OVERALLINTEGRITY,PEIIndexp,PEIIndexp_lci,PEIIndexp_hci,PEIIndexi,PEIIndexi_lci,PEIIndexi_hci,PEIIndex_rank,PEItype,ratingstate,ratingstate_lci,ratingstate_hci,ratingcountry,ratingcountry_lci,ratingcountry_hci,LAWS,lawsunfair,lawsunfair2,favoredincumbent,favoredincumbent2,citizens,citizens2,laws,lawsi,PROCEDURES,managed,votinginfo,fairofficials,legalelections,procedures,proceduresi,BOUNDARIES,bdiscrim,bdiscrim2,bfavored,bfavored2,bimpartial,boundaries,boundariesi,VOTERREGISTRATION,reglisted,reglisted2,reginaccurate,reginaccurate2,ineligible,ineligible2,votereg,voteregi,PARTYREGISTRATION,oppprevent,oppprevent2,womenopp,minorityopp,leaderselect,leaderselect2,rallies,rallies2,partyreg,partyregi,MEDIACOVERAGE,newspapers,tv,tv2,fairaccess,faircoverage,socialmedia,media,mediai,CAMPAIGNFINANCE,subsidies,donations,accounts,rich,rich2,resources,resources2,finance,financei,VOTINGPROCESS,violence,violence2,fraudulent,fraudulent2,easy,choice,postal,disabled,expats,internet,voting,votingi,VOTECOUNT,secure,delay,faircount,intlmonitors,intlmonitors2,domesticmonitors,domesticmonitors2,count,counti,VOTINGRESULTS,challenged,challenged2,protestspeace,protestspeace2,protestsviolent,protestsviolent2,disputes,results,resultsi,ELECTIONAUTHORITIES,impartial,info,scrutiny,performance,EMBs,EMBsi,GENERALQUESTIONS,familiarity,important,ORGCONFIDENCE,courts,government,parliament,police,electoralauth,BACKGROUND,employment,public,university,nonprofit,agency,private,occupation,agegroup,sex,education,born,lived,rep,candidate,activist,monitor,ngo,voted,norole,official,citizen,supported,leftrightscale,difficulty,VIGNETTES,vignetteA,vignetteB,vignetteC,EXTRA,rigged,rigged2,machinesaccurate,recordssecure,waited,waited2,multiple,multiple2,regrestrictive,regrestrictive2,obsintimidate,obsintimidate2,popularwill,timely,SUBFIELD,elections,ampol,statepol,comparative,inter,polcomm,theory,publicadmin,publicpol,methods,socio
"Alaska","AK",102,"USA_08112016_P1",2016,2016,3,19,.1578947,,,,,65.56973,54.44389,76.69557,21,"High (60-69)",8.666667,8.108032,9.225302,7,4.440013,9.559987,,3,3,3.3333332538604736,2.6666667461395264,2,4,55.55556,55.55556,,4,4.3333334922790527,4.3333334922790527,4.3333334922790527,81.25,81.25,,2.6666667461395264,3.3333332538604736,3,3,3,52.77778,52.77778,,,,,,2,4,,59.44445,,2,4,4.6666665077209473,4.6666665077209473,2.3333332538604736,3.6666667461395264,2,4,80,80,,2.3333332538604736,3,3,4,2.3333332538604736,3,55,48.66667,,3,3,4,3.3333332538604736,2.6666667461395264,3,3,40,52.33333,,1.6666666269302368,4.3333334922790527,2,4,4.3333334922790527,4.3333334922790527,4.5,4.5,4,2,65.625,74.21875,,3.5,4,3.5,,,2,4,,71.33334,,2.3333332538604736,3.6666667461395264,3,3,1.5,4.5,4,68.75,69.27084,,3.5,3.3333332538604736,3.3333332538604736,3.6666667461395264,56.25,63.02083,,8.666667,3,,8.333333,7,4.5,5.6666665,5.6666665,,2.3333332538604736,.3333333433,1,0,0,.3333333433,6,5,0,5,0,4,0,0,0,0,0,1,0,0,1,4.3333334922791,5.6666665,8.333333,,4.6666665,4.6666665,7.3333335,,2,4,4,4,3,3,2,4,2,4,2,4,4.5,4.5,,.6666666865,1,.6666666865,0,0,0,.3333333433,.3333333433,.6666666865,0,0
"Alabama","AL",201,"USA_08112016_P1",2016,2016,6,34,.1764706,,,,,57.84864,53.59968,62.0976,40,"Moderate (50-59)",7.1666665,6.366823,7.96651,6.5,5.927569,7.072431,,4.1666665077209473,1.8333333730697632,4.5,1.5,3.5,2.5,23.61111,23.61111,,4,4.3333334922790527,4.1666665077209473,4.5999999046325684,85,81.61459,,4.5999999046325684,1.3999999761581421,4.5,1.5,2,11.66667,17.15278,,4,2,3.3333332538604736,2.6666667461395264,2.6666667461395264,3.3333332538604736,33.33333,47.29167,,3.6666667461395264,2.3333332538604736,3.5,3,2.75,3.25,2,4,57.5,61.625,,2.8333332538604736,3,3,3.4000000953674316,3.5,2,50,49.70833,,2.6666667461395264,3,3.3333332538604736,3.1666667461395264,2.8333332538604736,3.3333332538604736,2.6666667461395264,32.5,51.125,,2,4,1.3333333730697632,4.6666665077209473,4,2.3333332538604736,3.25,3.7999999523162842,4.25,1,,61.875,,4,4.1666665077209473,4,,,2,4,,75.70834,,1.7999999523162842,4.1999998092651367,3,3,1.8333333730697632,4.1666665077209473,4,68.75,70.9375,,3.8333332538604736,3.6666667461395264,3.5999999046325684,3.8333332538604736,67.5,68.59375,,7.5,1.8333333730697632,,5.8333335,3.1666667,2,6.3333335,6.5,,2.8333332538604736,.1666666716,.8333333135,.1666666716,0,.1666666716,6,4,0,5,.33333334,4.16666651,0,0,0,0,0,.8333333135,0,0,1,2.6666667461395,3.6666667,8.166667,,8.166667,6.5,7.8333335,,1.8333333730697632,4.1666665077209473,3.6666667461395264,3.75,3.8333332538604736,2.1666667461395264,1.5,4.5,3.1666667461395264,2.8333332538604736,2.5,3.5,2.6666667461395264,4.5,,.5,.8333333135,.3333333433,.3333333433,.3333333433,0,0,.1666666716,.1666666716,.3333333433,0
"Arkansas","AR",103,"USA_08112016_P1",2016,2016,5,19,.2631579,,70.40816,,,63.02551,58.14312,67.90791,28,"High (60-69)",8.6000004,7.745453,9.454548,7.4000001,6.729638,8.070362,,4,2,4,2,2,4,41.66667,41.66667,,4,4.1999998092651367,4.4000000953674316,4.4000000953674316,81.25,81.25,,3.2000000476837158,2.7999999523162842,3.7999999523162842,2.2000000476837158,2.4000000953674316,36.66666,36.66666,,3,3,4.3333334922790527,1.6666666269302368,3.3333332538604736,2.6666667461395264,36.11111,40.91667,,1.75,4.25,4.4000000953674316,4,2.5,3.5,1.5,4.5,80,77.25,,2.25,3.2000000476837158,2.7999999523162842,3.4000000953674316,2.5999999046325684,2,43.33333,40.6,,3,2.25,2.2000000476837158,2.4000000953674316,3.5999999046325684,2.6666667461395264,3.3333332538604736,51.66667,47.75,,1.6000000238418579,4.4000000953674316,3,3,4.5999999046325684,3.4000000953674316,3.75,3.75,4,1.3999999761581421,59.375,63.65625,,4.5999999046325684,4.5999999046325684,4.5999999046325684,1,5,1.6666666269302368,4.3333334922790527,100,83.5,,1.75,4.25,2,4,1.6000000238418579,4.4000000953674316,4.25,78.125,80.25,,4,4.5,4.4000000953674316,4.4000000953674316,84.375,82.4375,,9,3.5999999046325684,,7.4000001,6.5999999,6.1999998,7.1999998,7.8000002,,2.7999999523162842,.200000003,1,.200000003,0,0,6,3.6,.2,5,.2,3.5999999,0,0,0,0,0,.8000000119,0,0,1,2.7999999523163,3.8,9.3999996,,5.5999999,6.1999998,8,,1.2000000476837158,4.8000001907348633,4.5999999046325684,4.25,2.7999999523162842,3.2000000476837158,2.25,3.75,2.2000000476837158,3.7999999523162842,2.2000000476837158,3.7999999523162842,3.7999999523162842,4.5999999046325684,,.8000000119,.8000000119,.6000000238,.400000006,0,.200000003,.200000003,.400000006,.400000006,.6000000238,0
"Arizona","AZ",202,"USA_08112016_P1",2016,2016,6,40,.15,,,,,53.01446,45.23337,60.79554,51,"Moderate (50-59)",6.3333335,4.733646,7.933021,6.1666665,4.704579,7.628754,,3.7999999523162842,2.2000000476837158,3.8333332538604736,2.1666667461395264,4,2,28.33333,28.68056,,2.3333332538604736,3.1666667461395264,3.7999999523162842,4.1666665077209473,61.25,59.27083,,4.25,1.75,4.4000000953674316,1.6000000238418579,2,18.75,19.09722,,3.7999999523162842,2.2000000476837158,3.75,2.25,2,4,47.22222,46.66667,,3,3,3.8333332538604736,2.8333332538604736,2.5,3.5,1.6666666269302368,4.3333334922790527,67.5,63.41667,,3.1666667461395264,2.1666667461395264,3.8333332538604736,2.7999999523162842,2.8333332538604736,1.8333333730697632,52,47.29167,,3.3333332538604736,2.5999999046325684,1.7999999523162842,3.5,2.5,2.75,3.25,48.33333,43.91667,,3,3,2.2000000476837158,3.7999999523162842,3.1666667461395264,3.8333332538604736,4.6666665077209473,5,4.5,2.3333332538604736,81.25,65.98959,,4.25,3.5,3.7999999523162842,4,2,2,4,,68.5,,2.4000000953674316,3.5999999046325684,4.1999998092651367,1.7999999523162842,2,4,3.25,56.25,54.73958,,2.5999999046325684,3.8333332538604736,3.2000000476837158,2.8333332538604736,56.25,53.69792,,8.8000002,2,,7.6666665,4.5,3.8333333,6.4000001,6.1666665,,2.6666667461395264,.3333333433,1,.1666666716,0,.3333333433,5.1666665077209473,4.166667,.66666669,5,0,3.83333325,0,0,0,0,0,1,0,0,1,2.8333332538605,2.8333333,7.5,,8,7.5,8.666667,,1.6666666269302368,4.3333334922790527,4.1666665077209473,4.1999998092651367,3.8333332538604736,2.1666667461395264,1.5,4.5,4,2,2.6666667461395264,3.3333332538604736,2.1666667461395264,3.3333332538604736,,.3333333433,.5,.1666666716,.3333333433,0,.1666666716,0,0,0,.3333333433,.1666666716
"California","CA",203,"USA_08112016_P1",2016,2016,78,422,.1848341,,57.52551,55.07912,59.97191,65.43613,63.09276,67.7795,23,"High (60-69)",8.6233768,8.315487,8.931267,6.1282053,5.670123,6.586287,,3.192307710647583,2.807692289352417,3.038461446762085,2.961538553237915,2.2179486751556396,3.7820513248443604,54.59402,54.59402,,4.2763156890869141,4.3717947006225586,4.5068492889404297,4.5,85.47535,85.1242,,2.7397260665893555,3.2602739334106445,3.1388888359069824,2.8611111640930176,3.2112677097320557,52.08333,50.81731,,3.4222221374511719,2.5777778625488281,2.59183669090271,3.40816330909729,2.1481480598449707,3.8518519401550293,57.70833,56.92664,,2.0151515007019043,3.9848484992980957,3.7361111640930176,3.6527776718139648,2.0410959720611572,3.9589040279388428,1.5882352590560913,4.4117646217346191,74.59016,73.13461,,2.948051929473877,2.5142858028411865,3.4857141971588135,3.3378379344940186,3.0259740352630615,2.115384578704834,49.34783,49.80128,,2.9803922176361084,2.8591549396514893,2.8095238208770752,3.1066665649414062,2.8933334350585938,2.2033898830413818,3.7966101169586182,50.125,51.46795,,2.1492538452148437,3.8507461547851563,1.79365074634552,4.2063493728637695,3.730769157409668,3.7948718070983887,4.5657896995544434,4.2884616851806641,4.3636364936828613,1.4736841917037964,70.70313,69.16266,,4.4153847694396973,4.051948070526123,4.4626865386962891,1.7272727489471436,4.2727274894714355,1.7555555105209351,4.2444443702697754,84.73684,79.7271,,1.9154930114746094,4.0845069885253906,4.4054055213928223,1.5945945978164673,2.6233766078948975,3.3766233921051025,3.9777777194976807,56.99405,56.08574,,4.2702703475952148,4.5,4.2424240112304687,4.3835616111755371,84.76563,82.64022,,8.1298704,1.423076868057251,,7.8974357,7.474359,6.4647889,5.6883116,8.0512819,,2.730769157409668,.1923076957,1,.0769230798,.012820513,.1923076957,5.9743590354919434,3.666667,.30769232,5,.38461539,4,0,0,0,0,.025641026,.8974359035,0,.0384615399,.97435898,2.8333332538605,3.0769231,8.333333,,7.2948718,6.8205128,7.7435899,,1.5,4.5,4.2222223281860352,4.1940298080444336,3.5357143878936768,2.4642856121063232,1.4117647409439087,4.5882353782653809,2.846153736114502,3.153846263885498,2.4545454978942871,3.5454545021057129,3.175675630569458,3.9066667556762695,,.5897436142,.7051281929,.3333333433,.3333333433,.1538461596,.2051282078,.1538461596,.1410256475,.3461538553,.3717948794,.0641025677
"Colorado","CO",104,"USA_08112016_P1",2016,2016,10,58,.1724138,,76.02041,,,70.6199,67.36108,73.87871,10,"Very High (70 or more)",9.1000004,8.572986,9.627015,6.6999998,5.353469,8.046531,,2.2222223281860352,3.7777776718139648,2.4000000953674316,3.5999999046325684,2,4,69.44444,69.04166,,4.1999998092651367,4.6999998092651367,4.625,4.5,87.5,87.375,,3,3,3.5,2.5,2.8571429252624512,47.22222,40.08333,,3.1666667461395264,2.8333332538604736,2,4,1.7999999523162842,4.1999998092651367,68.33334,62.45833,,1.625,4.375,3.7999999523162842,3.7000000476837158,2.5,3.5,1.7777777910232544,4.2222223281860352,70.71429,73,,3.2222223281860352,2,4,3.5999999046325684,3.1111111640930176,2.2857143878936768,61,55.375,,3.5,3.8571429252624512,3,2.5,3.5,1.8333333730697632,4.1666665077209473,68.75,61.775,,1.5,4.5,1.8333333730697632,4.1666665077209473,4.8000001907348633,4.5555553436279297,4.9000000953674316,4.7142858505249023,4.5999999046325684,1.75,82.8125,79.10938,,4.4000000953674316,4.5,4.625,1.8333333730697632,4.1666665077209473,2,4,80,83.325,,1.75,4.25,4.3000001907348633,1.7000000476837158,1.7000000476837158,4.3000001907348633,3.7999999523162842,65.625,62.53125,,4.375,4.5999999046325684,4.5555553436279297,4.5,89.0625,86.4375,,8.1999998,1,,8.666667,8.2222223,6.875,6.5555553,8.666667,,3,.3000000119,.8999999762,.3000000119,0,.200000003,5.4000000953674316,3.1,.69999999,5,.1,3.5,0,0,0,0,0,.8999999762,0,0,1,2.5,3.4000001,7.8000002,,8.5,7.9000001,7.9000001,,1.7999999523162842,4.1999998092651367,4.2222223281860352,3.75,3.5714285373687744,2.4285714626312256,1.8571428060531616,4.1428570747375488,2.2222223281860352,3.7777776718139648,2.6666667461395264,3.3333332538604736,3,4.5,,.5,.5,.200000003,.6000000238,.5,.200000003,.1000000015,0,0,.5,0
"Connecticut","CT",204,"USA_08112016_P1",2016,2016,12,105,.1142857,,51.53061,,,67.51392,61.46801,73.55982,15,"High (60-69)",8.75,8.161984,9.338016,6.75,5.675609,7.824391,,2.8333332538604736,3.1666667461395264,2.5833332538604736,3.4166667461395264,2.25,3.75,61.11111,61.11111,,3.8333332538604736,3.75,4.4166665077209473,4.5,78.125,78.125,,2.6363637447357178,3.3636362552642822,3.2727272510528564,2.7272727489471436,3,50,50.22727,,2.7999999523162842,3.2000000476837158,2.625,3.375,2,4,64.58334,62.61364,,1.7272727489471436,4.2727274894714355,4.0833334922790527,3.8333332538604736,2.2727272510528564,3.7272727489471436,1.7999999523162842,4.1999998092651367,77,75.39584,,3.4166667461395264,2.7272727489471436,3.2727272510528564,3.4545454978942871,3.5,3,54.16667,57.5625,,3.5,3.4000000953674316,3.3333332538604736,3.1666667461395264,2.8333332538604736,2.2222223281860352,3.7777776718139648,60,58.66667,,1.7272727489471436,4.2727274894714355,1.9090908765792847,4.0909090042114258,3.9166667461395264,4.1666665077209473,3.4545454978942871,4.1999998092651367,4.4000000953674316,1.5,71.09375,68.80209,,4.1818180084228516,4.3333334922790527,4.25,1.75,4.25,1.375,4.625,91.66666,82.02273,,2.0909090042114258,3.9090909957885742,4.0833334922790527,1.9166666269302368,1.75,4.25,4.2857141494750977,62.5,64.19271,,3.75,3.5833332538604736,4,3.75,68.75,69.19271,,8.545455,1.4166666269302368,,8,7.1666665,6.7272725,6.1666665,7.5833335,,2.9166667461395264,.4166666567,1,.0833333358,0,.25,6,3.916667,.25,5,.16666667,3.41666675,0,0,0,0,0,.8333333135,0,0,1,2,3.090909,9,,6.9166665,6.8333335,7.5,,1.5833333730697632,4.4166665077209473,4,4,3.1111111640930176,2.8888888359069824,1.4166666269302368,4.5833334922790527,2.5,3.5,2,4,3.3333332538604736,4.25,,.3333333433,.4166666567,.1666666716,.5,.4166666567,.1666666716,.3333333433,.0833333358,.1666666716,.25,0
"District of Columbia","DC",105,"USA_08112016_P1",2016,2016,22,133,.1654135,,61.39456,56.92051,65.86861,66.56656,63.36071,69.77241,19,"High (60-69)",9.1904764,8.805332,9.575621,7.090909,6.296462,7.885356,,2.6500000953674316,3.3499999046325684,2.8571429252624512,3.1428570747375488,1.9090908765792847,4.0909090042114258,62.5,63.04924,,3.904761791229248,3.904761791229248,4.3000001907348633,4.3809523582458496,77.5,77.59943,,2.8571429252624512,3.1428570747375488,2.4285714626312256,3.5714285373687744,3.2857143878936768,58.33333,50.73864,,3.2000000476837158,2.7999999523162842,2.8181817531585693,3.1818182468414307,1.7272727489471436,4.2727274894714355,63.54166,60.75758,,2.0526316165924072,3.9473683834075928,4.095238208770752,4.095238208770752,2.3636362552642822,3.6363637447357178,1.7777777910232544,4.2222223281860352,75.33334,74.11364,,3.0454545021057129,2.5238094329833984,3.4761905670166016,3.6666667461395264,2.8181817531585693,2.2666666507720947,50.33333,51.89773,,3.7333333492279053,3.4444444179534912,2.5,2.9500000476837158,3.0499999523162842,2.230769157409668,3.769230842590332,53.63636,56.44318,,2.2777776718139648,3.7222223281860352,2.2352941036224365,3.7647058963775635,4,4.0454545021057129,4.2941174507141113,4.3684210777282715,4.5238094329833984,2.5,70.13889,72.01704,,4.1578946113586426,4.3636364936828613,4.4000000953674316,2.25,3.75,2.6666667461395264,3.3333332538604736,73.57143,74.53409,,1.7647058963775635,4.2352943420410156,4.0454545021057129,1.9545454978942871,1.9545454978942871,4.0454545021057129,4.0666666030883789,65.38461,63.92046,,4.095238208770752,4.2727274894714355,3.9000000953674316,4.2272725105285645,76.64474,77.74148,,7.5,1.0454545021057129,,7.4545455,6.590909,6.4705882,6.6363635,7.8636365,,2.8181817531585693,.227272734,.9545454383,.227272734,.0454545468,.1818181872,5.5238094329833984,3.681818,.45454547,5,.04545455,2.9545455,0,0,0,0,0,.5909090638,0,0,.95454544,2.7727272510529,3.7272727,8,,6.909091,6.909091,8.5,,1.5454545021057129,4.4545454978942871,4.2857141494750977,4.25,3.7142856121063232,2.2857143878936768,1.6315789222717285,4.3684210777282715,2.7999999523162842,3.2000000476837158,2.0526316165924072,3.9473683834075928,3.6666667461395264,4.5714287757873535,,.227272734,.5909090638,0,.3181818128,.1818181872,.2727272809,.0454545468,0,.1363636404,.0909090936,.0454545468
"Delaware","DE",205,"USA_08112016_P1",2016,2016,3,20,.15,,,,,67.64456,60.81393,74.4752,14,"High (60-69)",9,8.032415,9.967585,6,4.064832,7.935168,,3,3,4.3333334922790527,1.6666666269302368,3.5,2.5,37.5,35.83333,,4,4.3333334922790527,4.3333334922790527,4.3333334922790527,81.25,81.25,,2.6666667461395264,3.3333332538604736,4,2,2.5,37.5,39.44444,,,,,,,,,58.33334,,2,4,4.6666665077209473,4.3333334922790527,2.5,3.5,2,4,75,79.25,,3.6666667461395264,3,3,4,3.6666667461395264,,,59.25,,,4.5,4.5,3.6666667461395264,2.3333332538604736,,,,57.5,,1.5,4.5,2,4,5,4.3333334922790527,4,4.5,4.6666665077209473,3,,79.375,,4.5,4.6666665077209473,4.3333334922790527,,,,,,81.83334,,1,5,4.5,1.5,1.6666666269302368,4.3333334922790527,,,61.5625,,4,4.3333334922790527,4,4.3333334922790527,71.875,79.58334,,7.3333335,2,,9.333333,8,5,5.3333335,7.3333335,,3,0,1,0,0,0,6,3.666667,.66666669,5,0,3.33333325,0,0,0,0,0,1,0,0,1,2,3,7.3333335,,8,8,8.333333,,1.5,4.5,4,4,4,2,2.3333332538604736,3.6666667461395264,3.6666667461395264,2.3333332538604736,4,2,2.3333332538604736,4.6666665077209473,,0,.3333333433,0,0,0,.3333333433,0,0,.6666666865,0,0
"Florida","FL",206,"USA_08112016_P1",2016,2016,23,116,.1982759,,57.65306,56.46149,58.84464,58.2154,55.17355,61.25724,38,"Moderate (50-59)",7.2173915,6.436306,7.998477,6.652174,5.79874,7.505608,,3.3181817531585693,2.6818182468414307,3.7391304969787598,2.2608695030212402,3.7391304969787598,2.2608695030212402,35.60606,34.96377,,3.6956522464752197,3.9545454978942871,4.0476188659667969,3.95652174949646,72.91666,72.9212,,4.5454545021057129,1.4545454978942871,4.4545454978942871,1.5454545021057129,1.7727272510528564,14.77273,15,,3.6666667461395264,2.3333332538604736,2.9333333969116211,3.0666666030883789,2,4,53.33333,53.07971,,2.3499999046325684,3.6500000953674316,3.6521739959716797,3.5652174949645996,2.1739130020141602,3.8260869979858398,1.7222222089767456,4.2777776718139648,72.5,70.25,,2.8695652484893799,2.8095238208770752,3.1904761791229248,2.952380895614624,2.95652174949646,2.3157894611358643,45,46.31522,,2.8888888359069824,3,2.5,3.6086957454681396,2.3913042545318604,3.0588235855102539,2.9411764144897461,41,44.96739,,2.5789473056793213,3.4210526943206787,1.7777777910232544,4.2222223281860352,3.6086957454681396,4,4.3478260040283203,4.2352943420410156,4.470588207244873,1.6470588445663452,70.9375,68.45788,,4.4117646217346191,4.3913044929504395,4.2380952835083008,2.8888888359069824,3.1111111640930176,2.153846263885498,3.846153736114502,78.57143,77.78261,,2.1052632331848145,3.8947367668151855,3.95652174949646,2.04347825050354,1.8571428060531616,4.1428570747375488,3.8571429252624512,62.5,62.13315,,3.1304347515106201,3.8095238208770752,3.7619047164916992,3.6818182468414307,65.78947,64.74184,,7.826087,1.1739130020141602,,6.826087,4.9565215,4.0869565,6.0434785,6.7391305,,2.8181817531585693,0,1,0,.0434782617,.1739130467,5.8695650100708008,3.521739,.30434781,5,.08695652,3.43478251,0,0,.0434782617,0,0,.8695651889,0,0,.95652175,2.8260869979858,3.3913043,8.782609,,7.2608695,7.0869565,8.347826,,2.1304347515106201,3.8695652484893799,4.3157896995544434,4.3157896995544434,3.5499999523162842,2.4500000476837158,1.3500000238418579,4.6500000953674316,3.6956522464752197,2.3043477535247803,2.7222223281860352,3.2777776718139648,2.6818182468414307,3.95652174949646,,.4347825944,.4347825944,.0434782617,.6521739364,.2173912972,.0434782617,.1739130467,.0434782617,.1304347813,.2608695626,0
"Georgia","GA",207,"USA_08112016_P1",2016,2016,16,84,.1904762,,52.04082,50.37127,53.71036,57.38604,53.69152,61.08056,43,"Moderate (50-59)",7.1875,6.434605,7.940395,6.4375,5.704291,7.170709,,3.4666666984558105,2.5333333015441895,3.5625,2.4375,3.5625,2.4375,37.22222,36.58854,,3.8125,3.8571429252624512,3.7333333492279053,3.875,72.59615,70.50781,,4.1666665077209473,1.8333333730697632,4.2857141494750977,1.7142857313156128,1.7857142686843872,19.44444,20.10417,,3.9090909957885742,2.0909090042114258,3.1818182468414307,2.8181817531585693,1.8888888359069824,4.1111111640930176,57.29167,49.29688,,2.307692289352417,3.692307710647583,3.3571429252624512,3.3571429252624512,2.5454545021057129,3.4545454978942871,1.8333333730697632,4.1666665077209473,65,66.32813,,3.0833332538604736,2.9090909957885742,3.0909090042114258,3.0833332538604736,2.9166667461395264,2.6666667461395264,46.25,49.5625,,2.875,3.5999999046325684,2.7272727489471436,3,3,2.7777776718139648,3.2222223281860352,62.5,49.08036,,2.0833332538604736,3.9166667461395264,1.8333333730697632,4.1666665077209473,3.25,3.75,4,3.923076868057251,4.153846263885498,1.384615421295166,63.19444,64.89584,,4.0909090042114258,4.1875,4.0769228935241699,2.2857143878936768,3.7142856121063232,2.2000000476837158,3.7999999523162842,75,74.70313,,1.7857142686843872,4.2142858505249023,4.1428570747375488,1.8571428060531616,1.9333332777023315,4.0666666030883789,4,65,62.8125,,2.9285714626312256,3.384615421295166,3.4166667461395264,3.538461446762085,55,60.78218,,7.0625,1.8125,,7.25,5.8125,4.090909,5.5,6.3125,,2.9375,.1875,1,.0625,0,.1875,6,3.625,.3125,4.9375,0,3.6875,0,0,0,0,.0625,.9375,0,0,.9375,2.5625,3.5625,8.125,,7.375,6.8125,8.5,,1.7333333492279053,4.2666668891906738,4.3571429252624512,4.1666665077209473,4,2,1.4285714626312256,4.5714287757873535,3.7142856121063232,2.2857143878936768,2.4545454978942871,3.5454545021057129,2.8666665554046631,4.1333332061767578,,.375,.625,.125,.5,.1875,.1875,.0625,0,.0625,.375,.0625
"Hawai'i","HI",208,"USA_08112016_P1",2016,2016,4,19,.2105263,,,,,72.33418,65.56434,79.10403,8,"Very High (70 or more)",9.25,8.447721,10.05228,6.5,4.755663,8.244337,,2.5,3.5,3,3,1.5,4.5,66.66666,66.66666,,4,4.25,4.5,4.75,84.375,84.375,,2,4,2.75,3.25,3.25,62.5,62.5,,2,4,2,4,1.5,4.5,80.55556,75.625,,1.75,4.25,4,4.25,1.5,4.5,1.5,4.5,82.5,82.5,,3.75,2.3333332538604736,3.6666667461395264,4,4.25,2,70,62.375,,4,4,4,2.75,3.25,2,4,67.5,66.1875,,1.25,4.75,1.5,4.5,4.5,3.5,4.3333334922790527,4.5,4.3333334922790527,1.25,71.875,73.20313,,4,4.5,4.5,2,4,2,4,90,78.625,,1.3333333730697632,4.6666665077209473,3.6666667461395264,2.3333332538604736,2,4,4,81.25,66.17188,,4.25,4.25,3.75,3.5,73.4375,73.4375,,8.75,2,,7.5,7.25,8,3.75,5.5,,2.75,.25,1,0,0,0,6,3.5,0,5,.25,3.75,0,0,0,0,0,1,0,0,1,2,2,8.25,,8.5,7,9,,1,5,4.5,4.75,3.25,2.75,1.25,4.75,2.75,3.25,1.5,4.5,2.75,4.25,,.25,.5,.25,.25,0,.25,.25,0,.25,0,.25
"Iowa","IA",210,"USA_08112016_P1",2016,2016,9,33,.2727273,,,,,73.10496,68.82892,77.381,4,"Very High (70 or more)",9.4444447,9.038606,9.850284,6.5555553,5.469764,7.641346,,3.1111111640930176,2.8888888359069824,3.1111111640930176,2.8888888359069824,1.7777777910232544,4.2222223281860352,58.33333,58.33333,,4.7777776718139648,4.7777776718139648,4.7777776718139648,4.7777776718139648,94.44444,94.44444,,1.7777777910232544,4.2222223281860352,2.2222223281860352,3.7777776718139648,3.7777776718139648,73.14815,73.14815,,2.2000000476837158,3.7999999523162842,3,3,2.3333332538604736,3.6666667461395264,63.33333,60.3125,,1.625,4.375,4.4444446563720703,4,2.4444444179534912,3.5555555820465088,1.375,4.625,80.625,80.625,,3.6666667461395264,2.125,3.875,4.2222223281860352,3.7777776718139648,2.2857143878936768,65,64.25,,3.5,3.7777776718139648,3.125,2.875,3.125,1.7142857313156128,4.2857141494750977,65,59.42857,,1.1428571939468384,4.8571429252624512,1.75,4.25,4,4,3.8888888359069824,4.125,4.5,1.1428571939468384,65.625,70.75893,,4.6666665077209473,4.6666665077209473,4.75,1.5,4.5,1.7142857313156128,4.2857141494750977,93.75,89.71429,,1.2857142686843872,4.7142858505249023,4.3333334922790527,1.6666666269302368,1.6666666269302368,4.3333334922790527,4,66.66666,65.625,,4.6666665077209473,4.5555553436279297,4.3333334922790527,4.6666665077209473,88.88889,88.88889,,8.666667,1.75,,8.333333,6.5,6.6666665,8,8.8888893,,2.7777776718139648,.2222222239,1,0,0,0,6,4.333333,.33333334,5,.22222222,3.875,0,0,0,0,0,1,0,0,1,3.5555555820465,3.75,9.5555553,,6.4444447,7,8.5555553,,1.1111111640930176,4.8888888359069824,4.6666665077209473,4.7777776718139648,2.5,3.5,1.625,4.375,1.6666666269302368,4.3333334922790527,1.75,4.25,4.1111111640930176,4.8888888359069824,,.4444444478,.4444444478,.3333333433,.3333333433,.4444444478,0,0,0,.1111111119,.1111111119,0
"Idaho","ID",106,"USA_08112016_P1",2016,2016,5,22,.2272727,,82.14286,,,73.46429,68.28637,78.6422,2,"Very High (70 or more)",8.8000002,8.172934,9.427067,7.1999998,6.572934,7.827066,,2.2000000476837158,3.7999999523162842,3.4000000953674316,2.5999999046325684,2.4000000953674316,3.5999999046325684,58.33333,58.33333,,5,4.5999999046325684,5,5,97.5,97.5,,2.5,3.5,3.25,2.75,3,52.08333,46.08333,,2.3333332538604736,3.6666667461395264,1.3333333730697632,4.6666665077209473,1.5,4.5,87.5,65.66666,,2.2000000476837158,3.7999999523162842,4.5999999046325684,4.1999998092651367,2,4,1.25,4.75,82.5,81.55,,4.1999998092651367,2.2000000476837158,3.7999999523162842,4,4.4000000953674316,2,62.5,67.55,,3.5,3,3.5999999046325684,2.2000000476837158,3.7999999523162842,2.3333332538604736,3.6666667461395264,66.66666,61.45,,1.6000000238418579,4.4000000953674316,1.7999999523162842,4.1999998092651367,4.5999999046325684,2.7999999523162842,4.75,5,5,1,82.8125,73.125,,4.5999999046325684,4.8000001907348633,4.1999998092651367,1.3333333730697632,4.6666665077209473,1.25,4.75,93.33334,87.8,,1.3999999761581421,4.5999999046325684,3.4000000953674316,2.5999999046325684,1.2000000476837158,4.8000001907348633,4,72.91666,74.4375,,4.4000000953674316,4,4.1999998092651367,4.4000000953674316,81.25,81.25,,7.5999999,1.7999999523162842,,7.1999998,5.5999999,4.8000002,6.8000002,8.6000004,,3,0,1,0,0,.200000003,6,2.8,0,5,.2,3.20000005,0,0,0,0,0,1,0,0,1,4.5999999046326,3.5999999,9.1999998,,5.4000001,6.4000001,7.1999998,,1,5,5,4.8000001907348633,2.4000000953674316,3.5999999046325684,1.6000000238418579,4.4000000953674316,1,5,1.2000000476837158,4.8000001907348633,4.5999999046325684,5,,.400000006,.400000006,.200000003,.200000003,.400000006,.200000003,.200000003,0,0,.400000006,0
"Illinois","IL",209,"USA_08112016_P1",2016,2016,36,183,.1967213,,68.87755,68.67601,69.07909,63.93282,61.77791,66.08774,25,"High (60-69)",8.3888893,7.949639,8.828139,6.9444447,6.354961,7.533928,,3.3055555820465088,2.6944444179534912,3.6388888359069824,2.3611111640930176,2.4285714626312256,3.5714285373687744,47.14286,46.64352,,4.1428570747375488,4.1666665077209473,4.4285712242126465,4.5428571701049805,82.72059,82.84722,,4.1818180084228516,1.8181818723678589,4.470588207244873,1.529411792755127,1.6176470518112183,16.41414,17.60417,,3.095238208770752,2.904761791229248,2.1904761791229248,3.8095238208770752,2,4,62.7451,60.71759,,2.4838709831237793,3.5161290168762207,4.0571427345275879,4,2.375,3.625,1.4642857313156128,4.5357141494750977,77.08334,73.84028,,2.9166667461395264,2.5333333015441895,3.4666666984558105,3.6666667461395264,3.0833332538604736,2.538461446762085,53.26087,53.10417,,2.7826087474822998,2.9393939971923828,2.8611111640930176,3.7222223281860352,2.2777776718139648,2.559999942779541,3.440000057220459,50,47.15972,,1.7777777910232544,4.2222223281860352,1.8928571939468384,4.1071429252624512,4.25,3.6666667461395264,4.625,4.3214287757873535,4.2666668891906738,1.517241358757019,75.97656,71.21962,,4.5714287757873535,4.6285715103149414,4.4827585220336914,2,4,1.9545454978942871,4.0454545021057129,85.55556,82.84722,,1.696969747543335,4.3030304908752441,4.1428570747375488,1.8571428060531616,1.9722222089767456,4.0277776718139648,3.8333332538604736,64.84375,62.92535,,4.2285714149475098,4.2727274894714355,4.0689654350280762,4.2857141494750977,81.89655,80.05209,,8.2058821,1.2222222089767456,,6.9722223,4.4444447,4.0384617,5.6388888,7.75,,2.7777776718139648,.1388888955,.944444418,.0833333358,0,.027777778,5.8333334922790527,3.638889,.33333334,5,.19444445,3.75,0,0,.055555556,0,0,.8611111045,0,.027777778,.97222221,2.611111164093,3.8611112,8.25,,6.5833335,5.8888888,8.3611107,,1.485714316368103,4.5142855644226074,4.3030304908752441,4.2580647468566895,3.2333333492279053,2.7666666507720947,1.6451612710952759,4.3548388481140137,2.7714285850524902,3.2285714149475098,2.4000000953674316,3.5999999046325684,2.9142856597900391,4.4722223281860352,,.472222209,.75,.277777791,.277777791,.2222222239,.1666666716,0,.0833333358,.2222222239,.3611111045,.055555556
"Indiana","IN",107,"USA_08112016_P1",2016,2016,15,106,.1415094,,70.91837,,,63.01385,59.10229,66.9254,29,"High (60-69)",7.2142859,6.451869,7.976702,6.7857141,6.023298,7.548131,,3,3,3.5333333015441895,2.4666666984558105,3.7333333492279053,2.2666666507720947,39.44444,39.44444,,3.7999999523162842,3.6666667461395264,4.3076925277709961,4.384615421295166,79.32692,76.89732,,4,2,3.9285714626312256,2.0714285373687744,2,25.59524,25.59524,,3.9000000953674316,2.0999999046325684,3.2000000476837158,2.7999999523162842,2.25,3.75,48.80952,48.77976,,2.25,3.75,4.5,4.1428570747375488,2.153846263885498,3.846153736114502,1.25,4.75,84.5,79.75,,3.4000000953674316,2.4285714626312256,3.5714285373687744,3.769230842590332,3.2857143878936768,2.5555555820465088,55.625,57.64286,,3.1818182468414307,3.230769157409668,3,2.5999999046325684,3.4000000953674316,2.875,3.125,57.5,54.69643,,2,4,2,4,3.5999999046325684,4.0666666030883789,3.923076868057251,4,4.0714287757873535,1.5714285373687744,69.79166,66.59599,,4.5454545021057129,4.4000000953674316,4.5454545021057129,2,4,1.8571428060531616,4.1428570747375488,82.5,80.05357,,1.6666666269302368,4.3333334922790527,4.1999998092651367,1.7999999523162842,1.7142857313156128,4.2857141494750977,4.25,65.625,64.91071,,3.769230842590332,4.0714287757873535,3.6363637447357178,4.0714287757873535,72.15909,71.94196,,8.2857141,1.7999999523162842,,7.4666667,6.1999998,5.7272725,5.8000002,7.6666665,,2.7142856121063232,0,1,.0666666701,0,.1333333403,6,3.6,.26666668,4.9285712242,.2,3.78571439,0,0,0,0,0,.8000000119,0,0,.93333334,2.7333333492279,3.1333334,8.1999998,,6.5999999,7.5999999,8.8666668,,1.7142857313156128,4.2857141494750977,4.5,4.4166665077209473,4.0714287757873535,1.9285714626312256,1.5384615659713745,4.4615383148193359,4.1333332061767578,1.8666666746139526,2.4444444179534912,3.5555555820465088,3.5,4.6428570747375488,,.6000000238,.8000000119,.4666666687,.1333333403,.1333333403,.1333333403,.200000003,.0666666701,.1333333403,.3333333433,.0666666701
"Kansas","KS",108,"USA_08112016_P1",2016,2016,4,30,.1333333,,49.2347,44.70009,53.7693,61.77296,49.14983,74.39609,33,"High (60-69)",8,7.032416,8.967585,8,6.814956,9.185043,,3,3,3.75,2.25,4,2,35.41666,35.41666,,4.25,4,4,4,76.5625,76.5625,,3,3,3,3,2.75,47.91667,47.91667,,4,2,3,3,1.5,4.5,54.16666,54.16666,,2.25,3.75,4.25,4,2,4,1.75,4.25,76.25,76.25,,3.25,2.25,3.75,4,3.25,2,55,56.5,,4,3,3.25,3,3,2.5,3.5,55,57,,2.5,3.5,1.5,4.5,3.5,3.75,4,3.6666667461395264,4,1.6666666269302368,62.5,64.375,,4.25,3.25,4.5,3,3,2.3333332538604736,3.6666667461395264,57.5,70.5625,,2,4,3.75,2.25,1.5,4.5,4,66.66666,66.64063,,2.75,3.5,3.5,3.25,56.25,56.25,,9.25,2,,9,2.25,4.5,6.25,6.75,,3,0,1,0,0,0,6,3.5,.5,5,0,3.5,0,0,0,0,0,.5,0,0,.75,2.5,2.75,9.75,,6.5,9.25,9.25,,1.5,4.5,4.25,4.25,3.75,2.25,2.5,3.5,4.25,1.75,3,3,2,4.5,,.25,.75,.5,0,.25,0,0,.25,0,0,0
"Kentucky","KY",211,"USA_08112016_P1",2016,2016,4,22,.1818182,,67.34694,,,62.49362,57.91874,67.0685,31,"High (60-69)",7,5.064832,8.935168,6.75,4.655119,8.844881,,2.75,3.25,4,2,2.5,3.5,47.91666,47.91666,,3.75,4,4.25,4.25,76.5625,76.5625,,3.25,2.75,4,2,2.5,35.41666,35.41666,,4,2,3.5,2.5,2.5,3.5,41.66666,45.52083,,2,4,4.75,4.5,1.75,4.25,1,5,87.5,83.375,,2.5,2.3333332538604736,3.6666667461395264,3.3333332538604736,2.5,1.5,45,42.875,,4,3.3333332538604736,2.75,3,3,2,4,63.33333,57.4375,,2.5,3.5,3,3,4,2.75,3.6666667461395264,4,4.3333334922790527,1.75,56.25,60.78125,,4,5,4,2.5,3.5,2.5,3.5,70,77,,1,5,3.3333332538604736,2.6666667461395264,1.5,4.5,4,81.25,71.5625,,4,3.5,4,4.25,72.91666,73.35938,,8,3.25,,7.25,6.25,5.75,7,8,,2.5,.25,1,.25,0,.25,6,4,.5,5,0,3.5,0,0,0,0,0,1,0,0,1,2,4.75,8.75,,6.5,7,9.25,,1.75,4.25,4.5,4.25,3,3,1.5,4.5,2.6666667461395264,3.3333332538604736,2.3333332538604736,3.6666667461395264,4.5,5,,.75,1,0,.5,0,0,0,.25,.25,0,0
"Louisiana","LA",212,"USA_08112016_P1",2016,2016,8,45,.1777778,,66.83673,,,70.89286,65.30206,76.48367,9,"Very High (70 or more)",9.25,8.831024,9.668976,8.25,7.724785,8.775214,,2.25,3.75,2.875,3.125,2.5,3.5,61.45833,61.45833,,4.25,4.25,4.25,4.625,83.59375,83.59375,,3.1666667461395264,2.8333332538604736,3.2857143878936768,2.7142856121063232,2.7142856121063232,43.05556,40.52083,,2.2000000476837158,3.7999999523162842,1.6666666269302368,4.3333334922790527,2.2857143878936768,3.7142856121063232,76.66666,66.40625,,1.75,4.25,4,4.25,1.4285714626312256,4.5714287757873535,1.75,4.25,82.14286,81.34375,,3.625,2.2857143878936768,3.7142856121063232,3.875,4,2.3333332538604736,64,62.71875,,3.6666667461395264,3.5,4,2.375,3.625,2.2857143878936768,3.7142856121063232,69,65.96875,,1.8571428060531616,4.1428570747375488,1.875,4.125,4.375,4.125,3.5714285373687744,4,4.1999998092651367,2,68.75,70.44922,,4.5714287757873535,4.5,4.625,3,3,2.2000000476837158,3.7999999523162842,81.25,79.71875,,1.5,4.5,2.5714285373687744,3.4285714626312256,1.75,4.25,3.75,71.875,74.88281,,4.25,3.875,4.4285712242126465,4.375,81.25,80.58594,,9,1,,5.875,5.875,5,5.75,7.625,,2.625,.125,1,.125,0,.125,6,4.5,.125,5,.375,4,0,0,0,0,0,.75,0,0,1,2.625,5.125,8.875,,4.125,6.625,8.75,,1.625,4.375,4.375,4.375,3.5,2.5,1.2857142686843872,4.7142858505249023,2.25,3.75,1.8333333730697632,4.1666665077209473,3.875,4.625,,.75,.875,.375,0,.125,.375,0,.5,.625,.25,0
"Massachusetts","MA",214,"USA_08112016_P1",2016,2016,37,231,.1601732,,70.71429,67.11861,74.30997,67.10176,64.17577,70.02776,17,"High (60-69)",8.8648653,8.58811,9.141621,6.2432432,5.615621,6.870865,,3.1714286804199219,2.8285713195800781,3.0833332538604736,2.9166667461395264,2.0540540218353271,3.9459459781646729,55.23809,55.83333,,4.3611111640930176,4.2432432174682617,4.5999999046325684,4.7142858505249023,87.68382,86.77365,,3.0882353782653809,2.9117646217346191,3.7575757503509521,2.2424242496490479,2.3939394950866699,37.62626,37.53378,,3.0869565010070801,2.9130434989929199,2.2272727489471436,3.7727272510528564,1.95652174949646,4.0434784889221191,64.16666,63.86574,,1.9354838132858276,4.0645160675048828,4.2222223281860352,4,2.029411792755127,3.970588207244873,1.5454545021057129,4.4545454978942871,80.89286,78.27702,,3.2432432174682617,2.6764705181121826,3.3235294818878174,3.6470587253570557,3.2162163257598877,2.4848484992980957,54.10714,54.91216,,3.076923131942749,3.2000000476837158,2.5999999046325684,3.1081080436706543,2.8918919563293457,2.4827585220336914,3.5172414779663086,52.04546,51.42567,,1.8064515590667725,4.1935482025146484,1.9032257795333862,4.0967741012573242,4.297297477722168,3.8378379344940186,4.1470589637756348,4.1666665077209473,4.5625,1.5555555820465088,72.47024,71.60473,,4.1818180084228516,4.4594593048095703,4.4242424964904785,2.4285714626312256,3.5714285373687744,1.9600000381469727,4.0399999618530273,80.35714,80,,1.6470588445663452,4.3529410362243652,4.1944446563720703,1.8055555820465088,1.8611111640930176,4.1388888359069824,4,65.625,64.0625,,4.3529410362243652,4.3055553436279297,3.970588207244873,4.2727274894714355,80.30303,80.46452,,8.5294113,1.162162184715271,,8.0270271,7.3513513,6.6969695,5.6486487,7.5675673,,2.7567567825317383,.1891891956,1,.0810810775,.0270270277,.1081081107,5.9722223281860352,3.945946,.2972973,5,.10810811,3.75675678,0,0,0,0,0,.8918918967,0,0,.97297299,2.5405404567719,2.9444444,8.6388893,,6.9459457,6.3243241,7.9729729,,1.5,4.5,4.3636364936828613,4.3333334922790527,3.21875,2.78125,1.3235293626785278,4.6764707565307617,3.2222223281860352,2.7777776718139648,2.125,3.875,3,4.5277776718139648,,.5675675869,.6756756902,.1891891956,.2432432473,.2972972989,.2432432473,.1351351291,.1081081107,.2972972989,.3783783913,.0810810775
"Maryland","MD",109,"USA_08112016_P1",2016,2016,14,93,.1505376,,59.18367,,,69.66108,66.68307,72.63908,11,"High (60-69)",8.6428576,8.04432,9.241395,6.8571429,5.946688,7.767598,,2.769230842590332,3.230769157409668,2.7857143878936768,3.2142856121063232,1.6428571939468384,4.3571429252624512,64.74359,65.2381,,4.2857141494750977,4.5,4.7142858505249023,4.5714287757873535,87.94643,87.94643,,4,2,3.846153736114502,2.153846263885498,1.8461538553237915,23.61111,25.56548,,3.5,2.5,2,4,2,4,58.33333,61.90476,,1.5833333730697632,4.4166665077209473,4.2142858505249023,4.2857141494750977,1.8461538553237915,4.153846263885498,1.8333333730697632,4.1666665077209473,81.81818,80.60714,,3.4285714626312256,1.8999999761581421,4.0999999046325684,3.8333332538604736,3.0714285373687744,2.4444444179534912,58.57143,58.58929,,3.25,3.7142856121063232,3.8181817531585693,3.0714285373687744,2.9285714626312256,1.6666666269302368,4.3333334922790527,67.5,60.42857,,1.8333333730697632,4.1666665077209473,1.7272727489471436,4.2727274894714355,4.2857141494750977,4.6428570747375488,4.5384616851806641,4.4166665077209473,4.3000001907348633,1.7692307233810425,78.125,75.74776,,4.384615421295166,4.4285712242126465,4.3076925277709961,1.8333333730697632,4.1666665077209473,1.6666666269302368,4.3333334922790527,83.33334,82.21429,,1.923076868057251,4.0769228935241699,3.9285714626312256,2.0714285373687744,1.923076868057251,4.0769228935241699,3.75,57.8125,62.65625,,4.3571429252624512,4.5,4.230769157409668,4.4285712242126465,84.61539,84.41964,,8,1,,8.2142859,7.4285712,7.25,7,8.4285717,,2.461538553237915,.1428571492,1,.0714285746,.0714285746,.0714285746,6,4.142857,.42857143,5,.14285715,3.64285707,0,0,.0714285746,0,.0714285746,.8571428657,0,0,.9285714,2.5714285373688,2.7142856,8.9285717,,7.5,6.0714288,7.3571429,,1.4285714626312256,4.5714287757873535,4.2857141494750977,4.3076925277709961,3.769230842590332,2.230769157409668,1.8333333730697632,4.1666665077209473,2.0714285373687744,3.9285714626312256,2,4,3.5714285373687744,4.5,,.5,.6428571343,.2857142985,.2142857164,.2857142985,.0714285746,.0714285746,.2142857164,.1428571492,.5,.0714285746
"Maine","ME",213,"USA_08112016_P1",2016,2016,10,20,.5,,63.77551,,,72.49745,68.8657,76.1292,6,"Very High (70 or more)",9.6000004,9.229444,9.970557,7.1999998,6.652652,7.747348,,2.7000000476837158,3.2999999523162842,2.7000000476837158,3.2999999523162842,1.7000000476837158,4.3000001907348633,65.83334,65.83334,,4.5,4.4000000953674316,4.6999998092651367,4.6666665077209473,89.58334,88.84375,,2.1111111640930176,3.8888888359069824,2.4444444179534912,3.5555555820465088,3.5555555820465088,66.66666,61.875,,3,3,2.125,3.875,2.1666667461395264,3.8333332538604736,61.66666,61.70833,,1.7999999523162842,4.1999998092651367,4.1999998092651367,4.0999999046325684,1.8999999761581421,4.0999999046325684,1.125,4.875,82.5,82.025,,3.8888888359069824,2.3333332538604736,3.6666667461395264,4.125,3.6666667461395264,2.5714285373687744,65.71429,62.775,,3.7999999523162842,4,2.8888888359069824,3,3,2.375,3.625,61.875,60.225,,1.5,4.5,1.8571428060531616,4.1428570747375488,4.4444446563720703,4.3333334922790527,4.6666665077209473,4.1428570747375488,4.7142858505249023,1.25,75.52084,74.85938,,4.5555553436279297,4.4000000953674316,4.6666665077209473,2,4,1.1666666269302368,4.8333334922790527,88.75,85.15,,2.4444444179534912,3.5555555820465088,4.4444446563720703,1.5555555820465088,2.0999999046325684,3.9000000953674316,4.25,53.57143,58.09375,,4.5,4.4000000953674316,4.5555553436279297,4.5,87.5,86.65625,,8.7777777,1,,8.6999998,5.6999998,6.6666665,6.9000001,8.8999996,,2.5999999046325684,.1000000015,1,0,0,.1000000015,6,4.3,.40000001,5,0,3.9000001,0,0,0,0,0,1,0,0,1,3.5,3.2,7.6999998,,6.9000001,6.8000002,7.5999999,,1.5,4.5,4.5999999046325684,4.5999999046325684,3.1428570747375488,2.8571429252624512,1.625,4.375,2,4,2.125,3.875,3.5999999046325684,4,,.400000006,.6999999881,.3000000119,.3000000119,.1000000015,.1000000015,.200000003,0,.1000000015,.200000003,0
"Michigan","MI",110,"USA_08112016_P1",2016,2016,24,130,.1846154,,55.22959,45.82576,64.63342,57.46811,52.92907,62.00715,41,"Moderate (50-59)",7.521739,6.7039,8.339578,6.9166665,6.07922,7.754113,,3.2083332538604736,2.7916667461395264,3.8695652484893799,2.1304347515106201,3.0416667461395264,2.9583332538604736,42.02898,40.76389,,4,3.6666667461395264,4.0454545021057129,3.9583332538604736,74.70238,72.85156,,4.3636364936828613,1.6363636255264282,4.6363635063171387,1.3636363744735718,1.5454545021057129,12.87879,13.125,,3.692307710647583,2.307692289352417,2.7857143878936768,3.2142856121063232,2.0625,3.9375,51.51515,52.95139,,2.4117646217346191,3.5882353782653809,4.0909090042114258,3.8095238208770752,1.8999999761581421,4.0999999046325684,1.5555555820465088,4.4444446563720703,73.82353,74.0625,,3,2.5789473056793213,3.4210526943206787,3.3181817531585693,3.4347825050354004,1.8235293626785278,51.92308,50.75,,2.8125,2.952380895614624,2.3333332538604736,3.1666667461395264,2.8333332538604736,2.2105262279510498,3.7894737720489502,44.61538,48.88542,,2.3809523582458496,3.6190476417541504,2.263157844543457,3.736842155456543,3.7083332538604736,4.125,4.0434784889221191,3.375,4.4499998092651367,1.263157844543457,59.6875,64.3099,,3.9411764144897461,3.0833332538604736,4.1428570747375488,1.8999999761581421,4.0999999046325684,1.9375,4.0625,75,71.3125,,3.6190476417541504,2.3809523582458496,4.2083334922790527,1.7916666269302368,1.7272727489471436,4.2727274894714355,3.3684210777282715,48.33333,50.66406,,3.5999999046325684,3.7142856121063232,3.4090909957885742,3.6956522464752197,67.76316,65.45573,,7.7083335,1.3913043737411499,,6.0833335,5,3.9473684,5.8333335,7,,2.75,.125,.9583333135,.0416666679,0,.125,5.875,3.541667,.33333334,5,.20833333,3.83333325,.0416666679,.0416666679,0,0,0,.9166666865,0,0,.95833331,2.5833332538605,3.625,8.291667,,7.125,6.75,8.5,,1.8260869979858398,4.1739130020141602,3.8181817531585693,3.8499999046325684,4.1999998092651367,1.7999999523162842,1.6818181276321411,4.3181819915771484,3.4782607555389404,2.5217392444610596,2.1111111640930176,3.8888888359069824,2.7727272510528564,3.625,,.5416666865,.75,.2083333284,.375,.0833333358,.125,.0833333358,.1666666716,.25,.375,.0416666679
"Minnesota","MN",215,"USA_08112016_P1",2016,2016,12,50,.24,,71.59864,66.93923,76.25805,68.641,64.00228,73.27972,13,"High (60-69)",8.666667,7.783388,9.549947,6,4.762262,7.237738,,2.8333332538604736,3.1666667461395264,2.5,3.5,2.25,3.75,61.80556,61.80556,,4.4166665077209473,4.4166665077209473,4.6666665077209473,4.6666665077209473,88.54166,88.54166,,3.25,2.75,3.5833332538604736,2.4166667461395264,2.5833332538604736,39.58333,39.58333,,3.4285714626312256,2.5714285373687744,2.1111111640930176,3.8888888359069824,2.1666667461395264,3.8333332538604736,63.88889,61.21212,,1.8181818723678589,4.1818180084228516,4.0833334922790527,4.0833334922790527,2,4,1.3333333730697632,4.6666665077209473,80.90909,80.14584,,3.1666667461395264,2.0909090042114258,3.9090909957885742,3.4166667461395264,3,1.875,46.875,50.90909,,3.2222223281860352,3.5454545021057129,2.9090909957885742,2.8181817531585693,3.1818182468414307,2.1818182468414307,3.8181817531585693,65,57.70833,,1.3636363744735718,4.6363635063171387,1.5,4.5,4.0833334922790527,3.9166667461395264,4.4444446563720703,4.3636364936828613,4.4444446563720703,1.75,79.16666,75.35511,,4.3333334922790527,4.3333334922790527,4.3636364936828613,2.1666667461395264,3.8333332538604736,1.7272727489471436,4.2727274894714355,84,81.77273,,1.9090908765792847,4.0909090042114258,4.3333334922790527,1.6666666269302368,1.5454545021057129,4.4545454978942871,4.2222223281860352,64.58334,64.16666,,4.0833334922790527,4.4545454978942871,4.3000001907348633,4.25,81.875,81.76136,,8.5,1.3333333730697632,,7.8333335,7.3333335,6,5.6666665,7.8333335,,2.25,.3333333433,1,.0833333358,0,.25,6,3.833333,.08333334,4.9166665077,0,3.75,0,0,0,0,0,.9166666865,0,.0833333358,1,3.3636362552643,2.9166667,8.5,,7.75,7.4166665,8,,1.75,4.25,4.1666665077209473,4.0833334922790527,3.4545454978942871,2.5454545021057129,1.5833333730697632,4.4166665077209473,2.9166667461395264,3.0833332538604736,2.4545454978942871,3.5454545021057129,2.9166667461395264,4.3333334922790527,,.5833333135,.6666666865,.25,.25,.1666666716,.25,.1666666716,.0833333358,.1666666716,.3333333433,.0833333358
"Missouri","MO",216,"USA_08112016_P1",2016,2016,14,59,.2372881,,66.32653,63.78181,68.87125,63.53681,58.24777,68.82585,26,"High (60-69)",7.8571429,6.946688,8.767598,6.1428571,4.717151,7.568563,,3.7142856121063232,2.2857143878936768,3.7142856121063232,2.2857143878936768,2.6428570747375488,3.3571429252624512,41.07143,41.07143,,3.7142856121063232,3.7142856121063232,4,4.2857141494750977,73.21429,73.21429,,3.692307710647583,2.307692289352417,4,2,2.307692289352417,30.1282,30.29762,,3.5833332538604736,2.4166667461395264,2.846153736114502,3.153846263885498,2.75,3.25,47.91667,49.70238,,1.75,4.25,4.153846263885498,3.8571429252624512,1.9285714626312256,4.0714287757873535,1.4615384340286255,4.5384616851806641,80.83334,78.16071,,3.384615421295166,2.923076868057251,3.076923131942749,3.461538553237915,3.153846263885498,2.7272727489471436,47.5,53,,2.5999999046325684,3.5454545021057129,3.2857143878936768,2.8571429252624512,3.1428570747375488,2.4545454978942871,3.5454545021057129,50,56.96429,,1.8461538553237915,4.153846263885498,2.25,3.75,3.8571429252624512,4.3571429252624512,3.9166667461395264,4.0833334922790527,4.4000000953674316,2.0999999046325684,75,70.39063,,4.1666665077209473,4,4.4166665077209473,1.6666666269302368,4.3333334922790527,1.9090908765792847,4.0909090042114258,84.16666,78.60714,,1.5454545021057129,4.4545454978942871,3.9285714626312256,2.0714285373687744,1.7857142686843872,4.2142858505249023,4.3333334922790527,68.75,66.89732,,3.7142856121063232,4.0714287757873535,3.8571429252624512,4.0714287757873535,73.21429,73.21429,,8.0769234,1.7142857313156128,,7.4285712,6.0714288,5.5384617,6.5714288,7.4285712,,2.7142856121063232,.1428571492,1,.0714285746,0,.0714285746,6,3.428571,.2857143,5,.14285715,3.71428561,0,0,0,0,0,.7857142687,0,0,1,2.7857143878937,4.6428571,9.1428576,,6,7.6428571,8.4285717,,1.6428571939468384,4.3571429252624512,4.3076925277709961,4,3.9166667461395264,2.0833332538604736,1.615384578704834,4.384615421295166,3.2142856121063232,2.7857143878936768,2,4,3.307692289352417,4.4285712242126465,,.571428597,.7857142687,0,.3571428657,.2857142985,.2142857164,.2857142985,0,.2142857164,.4285714328,0
"Mississippi","MS",111,"USA_08112016_P1",2016,2016,9,21,.4285714,,53.57143,,,55.88152,51.02428,60.73875,47,"Moderate (50-59)",7.2222223,6.18544,8.259005,7.4444447,6.601336,8.287554,,3.4444444179534912,2.5555555820465088,3.6666667461395264,2.3333332538604736,3.8888888359069824,2.1111111640930176,33.33333,33.33333,,4,3,4.25,4.2222223281860352,71.42857,72.22222,,4,2,4.6666665077209473,1.3333333730697632,1.6666666269302368,17.70833,16.71296,,4,2,3.3333332538604736,2.6666667461395264,2,4,47.22222,45.87963,,2.375,3.625,4.1111111640930176,3.8888888359069824,2.3333332538604736,3.6666667461395264,1.75,4.25,70,72.22222,,2.7142856121063232,3.1666667461395264,2.8333332538604736,3.125,3,1.7999999523162842,40,42.58333,,2.5,3,2.1111111640930176,3.4444444179534912,2.5555555820465088,3,3,26.66667,42.63889,,1.7142857313156128,4.2857141494750977,2,4,3.6666667461395264,3.2857143878936768,3.5,3.1666667461395264,4.125,1.125,51.04167,60.50347,,4.1428570747375488,4.1111111640930176,4.5714287757873535,3,3,2.75,3.25,67.5,73.75,,1.2857142686843872,4.7142858505249023,3.3333332538604736,2.6666667461395264,1.6666666269302368,4.3333334922790527,3.6666667461395264,78.125,69.75694,,3.7142856121063232,2.8888888359069824,3.3333332538604736,3.8571429252624512,62.5,60.625,,7.875,2.625,,5.2222223,3.6666667,2.875,4.6666665,5.6666665,,3,.2222222239,1,.1111111119,0,0,6,2.555556,.22222222,5,.11111111,3.22222233,0,0,0,0,0,1,0,0,1,3.111111164093,3.8888888,8.8888893,,7.3333335,6.8888888,8.2222223,,1.125,4.875,4.6666665077209473,3.875,3.625,2.375,1.1428571939468384,4.8571429252624512,4.3333334922790527,1.6666666269302368,2.8333332538604736,3.1666667461395264,2.5555555820465088,4.2222223281860352,,.4444444478,.6666666865,.2222222239,.4444444478,0,.1111111119,.1111111119,0,.1111111119,.3333333433,.2222222239
"Montana","MT",112,"USA_08112016_P1",2016,2016,7,21,.3333333,,,,,67.34329,57.98573,76.70085,16,"High (60-69)",8.1428576,6.125511,10.1602,6.1428571,4.489911,7.795804,,3.4000000953674316,2.5999999046325684,3.8333332538604736,2.1666667461395264,2.4285714626312256,3.5714285373687744,45,44.76191,,4.1428570747375488,4,4,4.4285712242126465,78.57143,78.57143,,2.8333332538604736,3.1666667461395264,3.3333332538604736,2.6666667461395264,3,48.61111,44.10714,,3.3333332538604736,2.6666667461395264,2.5,3.5,2.1666667461395264,3.8333332538604736,58.33333,57.55952,,1.7142857313156128,4.2857141494750977,3.5714285373687744,3.5714285373687744,2.2857143878936768,3.7142856121063232,1.5714285373687744,4.4285712242126465,72.85714,72.85714,,3.4285714626312256,2.2857143878936768,3.7142856121063232,3.8333332538604736,3.2857143878936768,2.1666667461395264,53.33333,57.03571,,3,4.3333334922790527,3.5714285373687744,3.8571429252624512,2.1428570747375488,2.4000000953674316,3.5999999046325684,61.25,57.07143,,1.6666666269302368,4.3333334922790527,1.5,4.5,4,3.8571429252624512,5,4.25,4.5,1.6666666269302368,75,74.28571,,4.5999999046325684,4.2857141494750977,4.5999999046325684,1,5,1.25,4.75,100,85.03571,,1.6000000238418579,4.4000000953674316,3.7142856121063232,2.2857143878936768,1.3333333730697632,4.6666665077209473,4.5,73.4375,70.75893,,4,4.4285712242126465,4,4,77.08334,77.23214,,8.8571424,3.4285714626312256,,7.4285712,6.8571429,5.8333335,6.4285712,7.1428571,,2.8571429252624512,.2857142985,1,.1428571492,0,.1428571492,6,3.428571,.2857143,5,.14285715,3.42857146,0,0,0,0,0,.8571428657,0,.1428571492,1,3.1428570747375,4.4285712,9,,8.4285717,6.4285712,7.8571429,,2.5714285373687744,3.4285714626312256,4.5,4.5,3.3333332538604736,2.6666667461395264,1,5,2.8571429252624512,3.1428570747375488,1.8333333730697632,4.1666665077209473,2.8571429252624512,4.5714287757873535,,.571428597,.571428597,.4285714328,.2857142985,0,0,.2857142985,.4285714328,.2857142985,.2857142985,.1428571492
"North Carolina","NC",220,"USA_08112016_P1",2016,2016,29,109,.266055,,53.77551,48.061,59.49003,58.20285,54.62315,61.78255,39,"Moderate (50-59)",7.25,6.647349,7.852651,7.4137931,6.877872,7.949714,,3.8214285373687744,2.1785714626312256,4,2,3.7931034564971924,2.2068965435028076,28.57143,28.27586,,3.6551723480224609,3.75,4.0370368957519531,4.1724138259887695,73.61111,72.5862,,4.7931032180786133,1.2068965435028076,4.75,1.25,1.3214285373687744,5.952381,6.83908,,3.75,2.25,3.1739130020141602,2.8260869979858398,2.4090909957885742,3.5909090042114258,47.22222,47.62931,,2.230769157409668,3.769230842590332,3.8214285373687744,3.6428570747375488,1.9615384340286255,4.0384616851806641,1.5555555820465088,4.4444446563720703,73.8,73.5,,3.3703703880310059,2.1666667461395264,3.8333332538604736,3.8214285373687744,3.4482758045196533,2.4782607555389404,60,59.05172,,3.5238094329833984,3.0714285373687744,2.625,3.2758619785308838,2.7241380214691162,2.3043477535247803,3.6956522464752197,55,52.18103,,2.2142856121063232,3.7857143878936768,2.2173912525177002,3.7826087474822998,3.5517241954803467,4.1724138259887695,4.2857141494750977,4.4090909957885742,4.4615383148193359,1.3461538553237915,66.66666,67.93642,,4.384615421295166,3.0344827175140381,4.3333334922790527,2.2222223281860352,3.7777776718139648,1.8235293626785278,4.1764707565307617,68.33334,73.13793,,4.4137930870056152,1.5862069129943848,3.75,2.25,1.6785714626312256,4.3214287757873535,3.9130434989929199,50.85227,49.83836,,3.6428570747375488,4,3.75,3.8571429252624512,71.15385,70.29095,,8.4285717,1.9285714626312256,,6.8620691,5.448276,3.6800001,6.2857141,7.034483,,2.8214285373687744,.1034482792,1,.0344827585,0,.0344827585,6,4,.27586207,5,.03448276,3.68965507,.0344827585,0,0,0,0,.8620689511,0,0,.96551722,3.3448276519775,3.1034484,8.3103447,,6.551724,6.965517,8.2413797,,1.6785714626312256,4.3214287757873535,4.3600001335144043,4.4583334922790527,4.230769157409668,1.7692307233810425,1.3461538553237915,4.653846263885498,3.5,2.5,2.4800000190734863,3.5199999809265137,3.3214285373687744,3.6206896305084229,,.586206913,.5517241359,.2413793057,.5172413588,.1034482792,.2413793057,.0344827585,.1034482792,.2758620679,.2758620679,0
"North Dakota","ND",116,"USA_08112016_P1",2016,2016,2,20,.1,,,,,62.6148,41.4736,83.756,30,"High (60-69)",7.5,6.662047,8.337953,8.5,7.662047,9.337953,,3,3,4.5,1.5,3,3,37.5,37.5,,4.5,1.5,3.5,4.5,62.5,62.5,,3,3,4,2,3,41.66666,41.66666,,,,,,,,,59.375,,3,3,3.5,3.5,1.5,4.5,1,5,95,70.875,,3,2.5,3.5,3.5,3.5,,,54.125,,5,3.5,1.5,3.5,2.5,2.5,3.5,65,49.5,,1.5,4.5,2,4,4,4.5,3.5,4.5,4.5,1.5,62.5,72.42188,,5,4.5,4.5,,,,,,84.125,,1.5,4.5,3,3,1.5,4.5,4,75,75,,3.5,3,2,3,43.75,57.5,,8,2.5,,7.5,8.5,5.5,8,7.5,,3,0,1,0,0,0,6,2.5,0,5,0,3,0,0,0,0,0,1,0,0,1,2,4,9,,6.5,9.5,8.5,,1.5,4.5,4,4.5,3,3,1.5,4.5,4,2,2.5,3.5,3,4,,0,.5,0,0,0,0,0,.5,0,.5,0
"Nebraska","NE",217,"USA_08112016_P1",2016,2016,5,27,.1851852,,,,,65.54591,58.2008,72.89102,22,"High (60-69)",7.8000002,6.568467,9.031534,5.1999998,2.926692,7.473308,,3.4000000953674316,2.5999999046325684,3.7999999523162842,2.2000000476837158,2.4000000953674316,3.5999999046325684,45,45,,4.4000000953674316,3.7999999523162842,4.4000000953674316,4.5999999046325684,82.5,82.5,,3.4000000953674316,2.5999999046325684,3.5,2.5,2.4000000953674316,39.58333,36.16667,,,,,,2,4,,52.5,,2.25,3.75,4.5999999046325684,4.4000000953674316,1.6000000238418579,4.4000000953674316,1.6000000238418579,4.4000000953674316,81.25,83.55,,3.4000000953674316,2,4,4,3.25,2,40,58,,3.3333332538604736,3.5,4,3,3,3,3,75,58.35,,1.5,4.5,1.7999999523162842,4.1999998092651367,3.2000000476837158,4,4.1999998092651367,3,4.3333334922790527,1.25,59.375,65.59375,,4.4000000953674316,4.4000000953674316,4.5999999046325684,1,5,1.5,4.5,100,84.45,,1.3999999761581421,4.5999999046325684,4.1999998092651367,1.7999999523162842,1.2000000476837158,4.8000001907348633,5,81.25,70.9375,,3.5999999046325684,3,3.6666667461395264,3.5999999046325684,64.58334,62.625,,7.5999999,1,,5.8000002,6,6.75,7.1999998,7.4000001,,2.7999999523162842,.400000006,1,0,0,.200000003,6,2.8,0,5,0,3.20000005,0,0,0,0,0,1,0,0,1,2.7999999523163,3,8.6000004,,7.4000001,6,7.1999998,,2.2000000476837158,3.7999999523162842,4.1999998092651367,4.4000000953674316,3,3,1.7999999523162842,4.1999998092651367,3.5999999046325684,2.4000000953674316,3,3,3.7999999523162842,4,,.8000000119,.8000000119,.200000003,.400000006,.200000003,0,.200000003,0,.200000003,.200000003,0
"New Hampshire","NH",218,"USA_08112016_P1",2016,2016,5,30,.1666667,,74.4898,,,73.44898,67.47523,79.42273,3,"Very High (70 or more)",9.3999996,8.729637,10.07036,7.5999999,6.745453,8.454547,,3.2000000476837158,2.7999999523162842,2.7999999523162842,3.2000000476837158,2.4000000953674316,3.5999999046325684,55,55,,4.8000001907348633,4.5999999046325684,5,5,96.25,96.25,,3,3,2.5,3.5,2.5,50,47.5,,2.3333332538604736,3.6666667461395264,2,4,2.75,3.25,69.44444,63.58333,,2.2000000476837158,3.7999999523162842,4.5999999046325684,4.1999998092651367,1.6000000238418579,4.4000000953674316,1.3999999761581421,4.5999999046325684,83,83,,3.7999999523162842,2.2000000476837158,3.7999999523162842,3.7999999523162842,3.4000000953674316,3,63.33333,63.85,,2.3333332538604736,3.4000000953674316,2.5999999046325684,2.4000000953674316,3.5999999046325684,2.2000000476837158,3.7999999523162842,46.66667,54.3,,1.6000000238418579,4.4000000953674316,2.5999999046325684,3.4000000953674316,4.4000000953674316,4.4000000953674316,4.5,4.4000000953674316,4.5999999046325684,1.5,72.65625,73.53125,,4.8000001907348633,4.4000000953674316,4.8000001907348633,1.3333333730697632,4.6666665077209473,1.3999999761581421,4.5999999046325684,95,89.95,,1.5,4.5,3.5999999046325684,2.4000000953674316,1.2000000476837158,4.8000001907348633,4.75,78.125,75.875,,4.8000001907348633,4.5999999046325684,4.75,4.8000001907348633,93.75,92.125,,9.75,2.5999999046325684,,7.4000001,8.1999998,6.5999999,7.4000001,9.3999996,,3,0,1,0,0,0,6,4.4,.40000001,5,0,4,0,0,0,0,0,1,0,0,1,2.7999999523163,4.5999999,8.3999996,,5.4000001,4.1999998,6.1999998,,1,5,4.8000001907348633,4.5999999046325684,2.6666667461395264,3.3333332538604736,2,4,1.6000000238418579,4.4000000953674316,1.5,4.5,3.2000000476837158,5,,.400000006,.6000000238,.400000006,.400000006,0,0,.200000003,0,0,.200000003,0
"New Jersey","NJ",114,"USA_08112016_P1",2016,2016,10,105,.0952381,,42.34694,,,63.19388,57.80016,68.58759,27,"High (60-69)",8.1999998,7.206949,9.193051,6.6999998,5.832765,7.567235,,2.7000000476837158,3.2999999523162842,2.9000000953674316,3.0999999046325684,2.2999999523162842,3.7000000476837158,59.16667,59.16667,,4.5,4.2222223281860352,4.5,4.5,87.5,84.875,,3.2222223281860352,2.7777776718139648,4.2222223281860352,1.7777777910232544,1.8571428060531616,25,30.16667,,2.7999999523162842,3.2000000476837158,2.1666667461395264,3.8333332538604736,1.6666666269302368,4.3333334922790527,68.33333,66.95834,,1.6666666269302368,4.3333334922790527,3.5999999046325684,3.9000000953674316,2.7999999523162842,3.2000000476837158,1.75,4.25,73.125,71.2,,2.6666667461395264,2,4,3.5,3.1111111640930176,1.6666666269302368,47.5,51.425,,3.6666667461395264,3.2000000476837158,2.125,3.7999999523162842,2.2000000476837158,3,3,41,45.8,,1.875,4.125,2.1666667461395264,3.8333332538604736,4.0999999046325684,3.5,4.1111111640930176,4.2857141494750977,3.7777776718139648,1.2857142686843872,65.625,66.39063,,4.4285712242126465,4.4000000953674316,4.3333334922790527,2,4,1.75,4.25,67.5,80.475,,1.875,4.125,4.3333334922790527,1.6666666269302368,2,4,4.3333334922790527,64.0625,62.28125,,3.4285714626312256,3.8888888359069824,2.8333332538604736,3.75,56.25,65.84375,,7.8888888,1.2999999523162842,,7.9000001,5.8000002,5.5714288,5.5999999,6.5999999,,2.5999999046325684,0,1,0,0,.1000000015,6,4.7,.30000001,5,.40000001,4.0999999,0,0,.1000000015,0,0,.8999999762,0,.1000000015,1,2.9000000953674,2.7,8.5,,7.9000001,7,8.3999996,,1.25,4.75,4.5,4.3333334922790527,4.1428570747375488,1.8571428060531616,1.5714285373687744,4.4285712242126465,3.0999999046325684,2.9000000953674316,2.1666667461395264,3.8333332538604736,3,3.7999999523162842,,.6000000238,.6999999881,.200000003,.400000006,.200000003,.3000000119,.200000003,.1000000015,.5,.400000006,.1000000015
"New Mexico","NM",219,"USA_08112016_P1",2016,2016,3,18,.1666667,,,,,72.58504,59.1865,85.98358,5,"Very High (70 or more)",9.333333,8.774698,9.891968,7.6666665,5.652479,9.680854,,4.3333334922790527,1.6666666269302368,2,4,2,4,55.55555,55.55555,,4.6666665077209473,4.6666665077209473,4.3333334922790527,4.6666665077209473,89.58334,89.58334,,2,4,3,3,3.6666667461395264,63.88889,63.88889,,5,1,2,4,2.5,3.5,33.33333,53.33333,,1.3333333730697632,4.6666665077209473,4.3333334922790527,4.3333334922790527,1.3333333730697632,4.6666665077209473,1,5,95,88.66666,,2.6666667461395264,2,4,3.3333332538604736,3,1,45,50,,4.5,4,4.3333334922790527,3,3,1,5,80,73.58334,,1.3333333730697632,4.6666665077209473,2.5,3.5,3,4.3333334922790527,4.3333334922790527,4.6666665077209473,4.6666665077209473,1.3333333730697632,71.875,70.67709,,5,4.6666665077209473,4.6666665077209473,1,5,2,4,100,87.58334,,1.3333333730697632,4.6666665077209473,4.3333334922790527,1.6666666269302368,2.3333332538604736,3.6666667461395264,4.5,62.5,64.27084,,4,4.6666665077209473,4.6666665077209473,5,89.58334,89.58334,,8.666667,2.3333332538604736,,7.3333335,5,5,3.6666667,9,,2.3333332538604736,0,1,0,0,.3333333433,5.6666665077209473,4.666667,.66666669,5,0,4,0,0,0,.3333333433,0,1,0,0,1,2,4.6666665,8.666667,,6.3333335,6.3333335,7.3333335,,1.3333333730697632,4.6666665077209473,4.6666665077209473,5,2.5,3.5,2.5,3.5,4.6666665077209473,1.3333333730697632,1.5,4.5,4.3333334922790527,5,,.6666666865,1,.3333333433,0,0,0,0,0,0,.6666666865,0
"Nevada","NV",113,"USA_08112016_P1",2016,2016,5,19,.2631579,,53.57143,,,61.5051,54.80049,68.20972,34,"High (60-69)",8.3999996,7.263346,9.536654,6.4000001,5.145868,7.654132,,3,3,3,3,2.5999999046325684,3.4000000953674316,53.33333,53.33333,,3.5999999046325684,3.2000000476837158,3.7999999523162842,4.1999998092651367,67.5,67.5,,2.7999999523162842,3.2000000476837158,3.5999999046325684,2.4000000953674316,2.7999999523162842,45,45,,3,3,4,2,1.3333333730697632,4.6666665077209473,58.33333,57.33333,,2,4,4,3.5999999046325684,3.7999999523162842,2.2000000476837158,1,5,70,68.25,,2.4000000953674316,2.25,3.75,2.7999999523162842,2.4000000953674316,1,27.5,39.85,,1.5,2.2000000476837158,2,3,3,2,4,20,42.4,,2,4,1.2000000476837158,4.8000001907348633,4.8000001907348633,3.4000000953674316,4,4.4000000953674316,4,1.75,72.91666,72.21875,,4.5999999046325684,4.4000000953674316,4.4000000953674316,4.5,1.5,2.3333332538604736,3.6666667461395264,60,76.45,,2.5999999046325684,3.4000000953674316,4,2,1.6000000238418579,4.4000000953674316,4.6666665077209473,58.33333,63.5625,,4.4000000953674316,4,4,4,77.5,77.5,,9.8000002,1.7999999523162842,,4.8000002,5.5999999,5,4,7.8000002,,2.7999999523162842,0,1,0,0,0,6,3.6,0,5,0,4,0,0,0,0,0,1,0,0,1,2,4.5999999,7.5999999,,8.3999996,5.5999999,7,,1.2000000476837158,4.8000001907348633,4.8000001907348633,4.8000001907348633,3.7999999523162842,2.2000000476837158,1,5,3.5999999046325684,2.4000000953674316,2.5,3.5,2.4000000953674316,3.7999999523162842,,.6000000238,.8000000119,.6000000238,.400000006,.400000006,0,0,0,.200000003,.6000000238,.200000003
"New York","NY",115,"USA_08112016_P1",2016,2016,58,368,.1576087,,75.51021,72.56528,78.45513,61.08902,58.65549,63.52255,35,"High (60-69)",7.9649124,7.651035,8.27879,5.5789475,5.051355,6.10654,,3.1785714626312256,2.8214285373687744,3.4464285373687744,2.5535714626312256,2.7636363506317139,3.2363636493682861,47.68518,46.85345,,3.8596491813659668,3.8909091949462891,4.1851849555969238,4.3090910911560059,78.125,76.46013,,3.5681817531585693,2.4318182468414307,3.8958332538604736,2.1041667461395264,2.2608695030212402,30.55556,33.29741,,3.25,2.75,2.5625,3.4375,2,4,61.53846,59.59052,,2.2222223281860352,3.7777776718139648,3.7017543315887451,3.6785714626312256,2.5208332538604736,3.4791667461395264,2.0714285373687744,3.9285714626312256,67.64706,67.69396,,3.0344827175140381,2.634615421295166,3.365384578704834,3.5614035129547119,3.1034483909606934,2.3720929622650146,49.87805,52.35776,,3.1794872283935547,2.9183673858642578,2.40816330909729,3.2280702590942383,2.7719297409057617,2.4411764144897461,3.5588235855102539,46.53846,49.04741,,2.170731782913208,3.829268217086792,1.9750000238418579,4.0250000953674316,3.7192983627319336,3.9137930870056152,3.6938774585723877,3.846153736114502,4.1632652282714844,1.5405405759811401,63.98026,64.84914,,4.1960783004760742,4.2678570747375488,4.1836733818054199,2.3571429252624512,3.6428570747375488,2.125,3.875,76.25,75.77155,,1.8666666746139526,4.1333332061767578,4.175438404083252,1.8245613574981689,2.0181818008422852,3.9818181991577148,3.8333332538604736,61.11111,60.59806,,4,3.7592592239379883,3.6875,3.8518519401550293,72.32143,70.68965,,7.6491227,1.3965517282485962,,7.2807016,6.4827585,5.1764708,5.6551723,6.8620691,,2.7543859481811523,.1206896529,.9827586412,.0517241396,.0172413792,.0862068981,5.8448276519775391,3.896552,.44827586,5,.21052632,3.82758617,0,0,0,0,0,.8275862336,0,0,.93103451,2.7586207389832,3.1379311,7.7931032,,7.2758622,6.1724138,6.7758622,,1.8035714626312256,4.1964287757873535,4.2600002288818359,4.2391304969787598,3.538461446762085,2.461538553237915,1.5625,4.4375,3.4727272987365723,2.5272727012634277,2.2444443702697754,3.7555556297302246,3.1090908050537109,4.3090910911560059,,.3620689511,.5,.1034482792,.4482758641,.2758620679,.1896551698,.2586206794,.068965517,.2586206794,.2758620679,.0517241396
"Ohio","OH",221,"USA_08112016_P1",2016,2016,28,107,.2616822,,57.14286,,,57.38885,54.8842,59.89349,42,"Moderate (50-59)",7.0714288,6.474668,7.66819,5.9285712,5.167629,6.689514,,3.923076868057251,2.076923131942749,4.3214287757873535,1.6785714626312256,3.692307710647583,2.307692289352417,25.66667,25.68452,,3.6428570747375488,3.8518519401550293,3.9259259700775146,4.3076925277709961,73,73.40401,,4.6071429252624512,1.3928571939468384,4.5357141494750977,1.4642857313156128,1.2857142686843872,9.523809,9.523809,,3.8666665554046631,2.1333334445953369,3.1875,2.8125,1.5714285373687744,4.4285712242126465,54.16666,52.52976,,1.952380895614624,4.0476188659667969,3.7200000286102295,3.7999999523162842,2.2000000476837158,3.7999999523162842,1.6818181276321411,4.3181819915771484,76.38889,72.36607,,2.7777776718139648,2.440000057220459,3.559999942779541,3.1600000858306885,2.9629628658294678,2.25,49.44444,48.16071,,2.3684210777282715,2.625,2.4444444179534912,3.4642856121063232,2.5357143878936768,2.4000000953674316,3.5999999046325684,43.18182,43.66964,,2.25,3.75,1.8333333730697632,4.1666665077209473,3.6428570747375488,4.1071429252624512,4.5555553436279297,4.2777776718139648,4.384615421295166,1.1499999761581421,67.96875,68.9788,,4.1363635063171387,4.3928570747375488,4.095238208770752,2.7999999523162842,3.2000000476837158,2,4,83.33334,77.28571,,1.7826087474822998,4.2173914909362793,4.115384578704834,1.884615421295166,1.9583333730697632,4.0416665077209473,3.615384578704834,61.25,61.07143,,2.884615421295166,3.923076868057251,3.7272727489471436,3.5,63.63636,62.92411,,8.1071424,1.4642857313156128,,6.9259257,5.8518519,4.9583335,5.8888888,6.5925927,,2.6785714626312256,.1428571492,.9642857313,.1428571492,.0357142873,.1428571492,6,3.392857,.35714287,4.9642858505,.25,3.60714293,0,0,.0357142873,0,0,.928571403,0,0,.96428573,2.5357143878937,3.2857144,8.3214283,,7.25,7,8.5,,1.8148148059844971,4.1851849555969238,4.0416665077209473,4.2399997711181641,4.1500000953674316,1.8500000238418579,1.5652173757553101,4.4347825050354004,3.576923131942749,2.423076868057251,2.625,3.375,2.5714285373687744,4.5,,.4642857015,.5357142687,.1785714328,.6071428657,.2142857164,.1785714328,.1428571492,.0714285746,.1428571492,.5,.0714285746
"Oklahoma","OK",117,"USA_08112016_P1",2016,2016,7,23,.3043478,,,,,55.37537,50.5686,60.18213,48,"Moderate (50-59)",7.2857141,6.580895,7.990533,6,4.364484,7.635516,,3.8571429252624512,2.1428570747375488,3.5714285373687744,2.4285714626312256,3.8571429252624512,2.1428570747375488,30.95238,30.95238,,3.8571429252624512,3.5714285373687744,4.2857141494750977,4.1428570747375488,74.10714,74.10714,,4.1428570747375488,1.8571428060531616,4.2857141494750977,1.7142857313156128,2.1428570747375488,22.61905,22.61905,,3.25,2.75,3.75,2.25,2.75,3.25,43.75,45.47619,,3.3333332538604736,2.6666667461395264,3.2857143878936768,3.1428570747375488,2.7142856121063232,3.2857143878936768,2.5,3.5,58,55.25,,3.1428570747375488,2.8333332538604736,3.1666667461395264,3.7142856121063232,3,2.3333332538604736,47,51.60714,,3.2000000476837158,3.2000000476837158,2.1428570747375488,3.1666667461395264,2.8333332538604736,2.75,3.25,67.5,47.42857,,2.5,3.5,2.75,3.25,3,3.8571429252624512,4.1428570747375488,3.25,3.6666667461395264,1.5714285373687744,50,58.37054,,4.1666665077209473,4.2857141494750977,4.3333334922790527,3,3,2.6666667461395264,3.3333332538604736,71.66666,73.28571,,1.7142857313156128,4.2857141494750977,3.8571429252624512,2.1428570747375488,1.7142857313156128,4.2857141494750977,3.5,57.8125,64.82143,,3.7142856121063232,3.5714285373687744,3.1666667461395264,3.7142856121063232,63.54167,63.92857,,8.2857141,2.2857143878936768,,7.2857141,5.2857141,3.5,6.7142859,6.5714288,,3,.2857142985,1,0,0,.1428571492,5.2857141494750977,2.714286,.71428573,4.8571429253,0,3.42857146,0,0,0,0,0,1,0,0,1,2,4,7.4285712,,6.7142859,7,8.4285717,,2.1428570747375488,3.8571429252624512,3.7142856121063232,4,4.4000000953674316,1.6000000238418579,2.1666667461395264,3.8333332538604736,3.5714285373687744,2.4285714626312256,3.6666667461395264,2.3333332538604736,3.6666667461395264,4.1428570747375488,,.2857142985,.8571428657,.1428571492,.2857142985,0,.1428571492,.2857142985,.1428571492,.4285714328,.1428571492,.2857142985
"Oregon","OR",222,"USA_08112016_P1",2016,2016,6,26,.2307692,,75.2551,75.00826,75.50193,69.21769,63.78308,74.6523,12,"High (60-69)",9.5,8.927569,10.07243,5.1666665,3.838806,6.494527,,3,3,3.8333332538604736,2.1666667461395264,1.6666666269302368,4.3333334922790527,54.16666,54.16666,,4.8333334922790527,5,5,4.8333334922790527,100,96.35416,,3,3,3.5999999046325684,2.4000000953674316,2.2000000476837158,38.33333,34.65278,,2.25,3.75,2,4,1,5,81.25,70.69444,,2,4,4.1666665077209473,4.1666665077209473,2.5999999046325684,3.4000000953674316,1.1666666269302368,4.8333334922790527,79,77.58334,,2.3333332538604736,2.2000000476837158,3.7999999523162842,3.4000000953674316,2.5,1.3999999761581421,45,42.29167,,2.8333332538604736,2.7999999523162842,3.6666667461395264,4.1666665077209473,1.8333333730697632,1.7999999523162842,4.1999998092651367,50,50.29167,,1.3999999761581421,4.5999999046325684,1,5,4.8333334922790527,4.1666665077209473,5,4.6666665077209473,4.8333334922790527,1.7999999523162842,84.375,82.60416,,4.6666665077209473,4.8333334922790527,4.8000001907348633,2.3333332538604736,3.6666667461395264,1,5,90,87.66666,,1.5,4.5,2.8333332538604736,3.1666667461395264,4.1666665077209473,1.8333333730697632,3.3333332538604736,55.20833,55.20833,,4.8000001907348633,4.6666665077209473,4.8000001907348633,4.8000001907348633,93.75,89.21875,,8,1.6666666269302368,,8.5,8,8.1999998,6.3333335,9,,2.5,.1666666716,1,.1666666716,0,0,5.8333334922790527,2.833333,.33333334,5,.16666667,3.33333325,.1666666716,0,0,0,0,.6666666865,0,0,.83333331,3.6666667461395,2.1666667,9.666667,,9,6.6666665,8,,1,5,4.3333334922790527,4.1666665077209473,4.1666665077209473,1.8333333730697632,1,5,4,2,2.5999999046325684,3.4000000953674316,2.1666667461395264,4.6666665077209473,,.3333333433,1,.1666666716,0,0,.1666666716,0,.1666666716,.1666666716,.3333333433,0
"Pennsylvania","PA",118,"USA_08112016_P1",2016,2016,39,164,.2378049,,53.57143,51.41959,55.72327,56.45615,53.93929,58.97301,45,"Moderate (50-59)",7.2564101,6.699867,7.812953,6.7105265,6.145857,7.275196,,3.7948718070983887,2.2051281929016113,3.692307710647583,2.307692289352417,3.0263156890869141,2.9736843109130859,37.93859,37.33974,,3.769230842590332,3.7948718070983887,3.9473683834075928,4.1282052993774414,72.69736,72.80449,,4.6969695091247559,1.303030252456665,4.625,1.375,1.303030252456665,7.8125,11.08974,,3.7599999904632568,2.2400000095367432,3.076923131942749,2.923076868057251,2.2916667461395264,3.7083332538604736,49.58333,50.82207,,2.0322580337524414,3.9677419662475586,3.736842155456543,3.6315789222717285,2.0555555820465088,3.9444444179534912,1.7419354915618896,4.2580647468566895,74.10714,72.32051,,2.6842105388641357,2.5675675868988037,3.4324324131011963,2.9459459781646729,2.7105262279510498,2.21875,45.17241,45.71711,,3.153846263885498,2.8888888359069824,2.53125,3.263157844543457,2.736842155456543,2.6785714626312256,3.3214285373687744,45.75,48.09459,,2.40625,3.59375,2.1071429252624512,3.8928570747375488,3.7948718070983887,4.1025643348693848,3.6111111640930176,3.4583332538604736,3.9696969985961914,1.5,58.95833,63.01098,,3.8888888359069824,4.0512819290161133,3.96875,2.307692289352417,3.692307710647583,2.1724138259887695,3.8275861740112305,72.08334,73.46622,,3.0909090042114258,2.9090909957885742,4.1842103004455566,1.8157894611358643,1.7837837934494019,4.2162160873413086,3.653846263885498,50.56818,54.6875,,3.5882353782653809,3.5945944786071777,3.5333333015441895,3.7777776718139648,65.0463,65.65878,,7.7894735,1.2051281929016113,,6.7435899,6.2820511,5.1999998,5.7948718,6.7948718,,2.7435896396636963,.2051282078,.9743589759,.051282052,.025641026,.025641026,6,3.820513,.33333334,5,.10526316,3.69230771,.025641026,.051282052,.051282052,0,0,.8717948794,0,.025641026,1,2.6410255432129,2.8378379,8.4871798,,7.0512819,6.9487181,7.8461537,,1.4736841917037964,4.5263156890869141,3.9117646217346191,4.0588235855102539,4.1724138259887695,1.8275861740112305,1.40625,4.59375,3.8205127716064453,2.1794872283935547,2.5483870506286621,3.4516129493713379,2.8157894611358643,4.263157844543457,,.5128205419,.5897436142,.1282051355,.3846153915,.1794871837,.2051282078,.0769230798,.0769230798,.2051282078,.2307692319,0
"Rhode Island","RI",223,"USA_08112016_P1",2016,2016,5,23,.2173913,,,,,56.68367,48.1808,65.18655,44,"Moderate (50-59)",7.5999999,6.745453,8.454547,6,5.082069,6.917931,,3.5999999046325684,2.4000000953674316,3.7999999523162842,2.2000000476837158,3.5999999046325684,2.4000000953674316,33.33333,33.33333,,3.25,4,4,4.4000000953674316,68.75,72.875,,3.4000000953674316,2.5999999046325684,3.4000000953674316,2.5999999046325684,2.7999999523162842,41.66667,41.66667,,3,3,3,3,2.6666667461395264,3.3333332538604736,52.77778,55.91666,,2.75,3.25,3.5999999046325684,3,3.75,2.25,1.6666666269302368,4.3333334922790527,61.66667,58.95,,2.7999999523162842,2.6666667461395264,3.3333332538604736,3,3.5999999046325684,1.75,40,47.8,,3,2.7999999523162842,2.25,4.1999998092651367,1.7999999523162842,2.3333332538604736,3.6666667461395264,43.33333,42.8,,1.5,4.5,2,4,2.7999999523162842,3.4000000953674316,3.75,4,4.5,1.3999999761581421,65.625,62.4375,,3.75,4.1999998092651367,4.3333334922790527,,,2,4,,74.35,,2.75,3.25,4.75,1.25,1.7999999523162842,4.1999998092651367,3.5,45.83333,52.875,,3.7999999523162842,4,3.75,3,67.1875,65.6875,,7.4000001,1.2000000476837158,,6.5999999,6.1999998,5.5,4.4000001,6.8000002,,2.5999999046325684,.200000003,1,.200000003,0,.200000003,6,4,.40000001,5,0,3.5999999,0,0,0,0,0,1,0,0,1,2,2.5999999,8.1999998,,7.5999999,7.8000002,10,,2,4,4.1999998092651367,4,5,1,1.75,4.25,3,3,2,4,4,4.8000001907348633,,.6000000238,.6000000238,0,.400000006,0,.400000006,0,.200000003,.400000006,.400000006,0
"South Carolina","SC",224,"USA_08112016_P1",2016,2016,12,48,.25,,59.35374,49.32938,69.37811,56.0778,49.98415,62.17146,46,"Moderate (50-59)",7.6666665,6.759617,8.573715,6.75,5.715976,7.784024,,3.0833332538604736,2.9166667461395264,3.3636362552642822,2.6363637447357178,3.0833332538604736,2.9166667461395264,43.18182,45.45139,,4.0833334922790527,3.8333332538604736,3.9166667461395264,4.25,75.52084,75.52084,,4.5833334922790527,1.4166666269302368,4.5,1.5,1.75,13.88889,13.88889,,3.1666667461395264,2.8333332538604736,2.3333332538604736,3.6666667461395264,2.3333332538604736,3.6666667461395264,59.72222,54.02778,,2.6666667461395264,3.3333332538604736,3.1666667461395264,3.1666667461395264,2.0833332538604736,3.9166667461395264,1.7777777910232544,4.2222223281860352,65.55556,64.16666,,2.6666667461395264,3,3,2.75,2.6666667461395264,2,38,40.4375,,2.375,2.4545454978942871,2.7272727489471436,3.6666667461395264,2.3333332538604736,2.7272727489471436,3.2727272510528564,38.125,42.39583,,2.1818182468414307,3.8181817531585693,2.7000000476837158,3.2999999523162842,4.0833334922790527,2.8333332538604736,3.9090909957885742,4.1999998092651367,4.3333334922790527,1,60.71429,61.13281,,3.7272727489471436,4.3333334922790527,4.0909090042114258,2.25,3.75,2.2857143878936768,3.7142856121063232,70,73.3125,,1.8999999761581421,4.0999999046325684,3.25,2.75,1.8333333730697632,4.1666665077209473,3.5,68.75,65.88541,,3.5,3.5,3.5454545021057129,3.5,61.93182,62.86458,,8.3999996,1.8333333730697632,,6.9166665,5.5833335,4.5454545,5,5.8333335,,2.6666667461395264,.0833333358,1,0,0,0,5.9166665077209473,3.5,.16666667,5,0,3.58333325,0,0,0,0,0,.9166666865,0,.1666666716,1,3.8333332538605,3.75,8,,5.5,7.0833335,9,,1.9166666269302368,4.0833334922790527,3.9166667461395264,3.9166667461395264,3.1818182468414307,2.8181817531585693,2.1111111640930176,3.8888888359069824,3.5833332538604736,2.4166667461395264,2.3333332538604736,3.6666667461395264,3.25,4.5,,.4166666567,.5833333135,.3333333433,.25,.1666666716,.1666666716,.0833333358,.1666666716,.3333333433,.25,0
"South Dakota","SD",225,"USA_08112016_P1",2016,2016,3,19,.1578947,,,,,61.94728,54.8138,69.08076,32,"High (60-69)",7.3333335,5.319146,9.347521,6.6666665,6.108032,7.225301,,2,4,3,3,3,3,58.33333,58.33333,,4,4,4.5,4.3333334922790527,81.25,77.5,,5,1,5,1,2,0,17.08333,,2,4,2,4,1.5,4.5,75,60.27778,,2,4,4,3.6666667461395264,3,3,2.3333332538604736,3.6666667461395264,65,66.83334,,3,3,3,3.5,3,1.6666666269302368,37.5,45.5,,2,1.5,2,3.3333332538604736,2.6666667461395264,3,3,25,40.91667,,1.6666666269302368,4.3333334922790527,1.6666666269302368,4.3333334922790527,3.6666667461395264,4,4.6666665077209473,4,4.6666665077209473,1.5,71.875,72.03125,,3,4.3333334922790527,4,2,4,2,4,75,72.25,,2,4,2.3333332538604736,3.6666667461395264,1.6666666269302368,4.3333334922790527,4,75,73.95834,,4,4.3333334922790527,4,4.6666665077209473,81.25,79.6875,,6.3333335,1.6666666269302368,,7.6666665,7,6,7,7.3333335,,3,.6666666865,.6666666865,0,0,0,5.3333334922790527,1.666667,.66666669,5,.33333334,2.33333325,0,0,.3333333433,0,0,.6666666865,0,0,1,3.6666667461395,3.3333333,8.666667,,5,4.3333335,6.6666665,,2.3333332538604736,3.6666667461395264,4,4,3,3,1.6666666269302368,4.3333334922790527,3.6666667461395264,2.3333332538604736,3,3,3.3333332538604736,3.6666667461395264,,.6666666865,.6666666865,0,.3333333433,0,0,.3333333433,.3333333433,.3333333433,.3333333433,0
"Tennessee","TN",119,"USA_08112016_P1",2016,2016,4,43,.0930233,,67.85714,,,54.75127,46.40566,63.09689,49,"Moderate (50-59)",6.25,4.522517,7.977483,5.5,3.391199,7.608801,,3.6666667461395264,2.3333332538604736,4.25,1.75,4.5,1.5,19.44444,21.14583,,3.75,3.75,3.75,4,70.3125,70.3125,,4.25,1.75,4.5,1.5,2,18.75,18.75,,3,3,3,3,1,5,66.66666,57.29167,,2.3333332538604736,3.6666667461395264,2.5,2.25,3,3,1,5,67.5,54.75,,2.5,3.6666667461395264,2.3333332538604736,3.3333332538604736,3,3,50,45.125,,3,2.6666667461395264,2.75,3.25,2.75,3,3,40,46.6875,,3.6666667461395264,2.3333332538604736,1.3333333730697632,4.6666665077209473,3.75,2.75,4,3.6666667461395264,4,1.25,57.8125,57.96875,,4.3333334922790527,4.3333334922790527,4.3333334922790527,1,5,1,5,100,79.4375,,2.25,3.75,4.25,1.75,1.75,4.25,4,62.5,60.54688,,3.5,4,3.6666667461395264,3.75,68.75,68.51563,,7.75,1.5,,7,4.5,2.25,5.25,6.5,,3,0,1,0,0,0,6,3,.25,5,0,3.25,.25,0,0,0,0,1,0,0,1,2,3.75,9,,8.25,8,8,,2,4,4,4.3333334922790527,4.3333334922790527,1.6666666269302368,2,4,3.75,2.25,3.3333332538604736,2.6666667461395264,2.5,3.5,,.25,.5,.25,.25,0,.75,0,.25,.5,0,0
"Texas","TX",226,"USA_08112016_P1",2016,2016,46,221,.2081448,,48.85204,44.66521,53.03888,58.62825,56.02366,61.23283,37,"Moderate (50-59)",7.521739,7.102596,7.940882,7.2608695,6.782196,7.739543,,3.7727272510528564,2.2272727489471436,3.7999999523162842,2.2000000476837158,3.6888887882232666,2.3111112117767334,31.62879,31.51268,,3.7777776718139648,3.5217392444610596,4,4.0232558250427246,71.34146,70.42361,,4.4651165008544922,1.5348837375640869,4.5,1.5,1.4666666984558105,12.69841,13.23148,,3.6500000953674316,2.3499999046325684,3.0833332538604736,2.9166667461395264,2.3913042545318604,3.6086957454681396,48.24561,51.20265,,2.4000000953674316,3.5999999046325684,3.8636362552642822,3.6279070377349854,2.2999999523162842,3.7000000476837158,1.7027027606964111,4.297297477722168,72.41936,70.27273,,3.1111111640930176,2.4761905670166016,3.5238094329833984,3.5714285373687744,3.2666666507720947,2.2857143878936768,52.1875,53.59783,,3.1785714626312256,3.375,2.763157844543457,3.3111112117767334,2.6888887882232666,2.3571429252624512,3.6428570747375488,51.57895,53.26704,,2.15625,3.84375,2.09375,3.90625,3.8260869979858398,3.3111112117767334,4.0789475440979004,4.15625,4.1750001907348633,1.3783783912658691,63.59375,64.26041,,4.153846263885498,4.1739130020141602,4.2272725105285645,2.625,3.375,2.1481480598449707,3.8518519401550293,73.46154,74.61364,,1.9545454978942871,4.0454545021057129,3.8666665554046631,2.1333334445953369,1.9534883499145508,4.0465116500854492,4,64.22414,63.41667,,3.6279070377349854,3.5111110210418701,3.7750000953674316,3.8863637447357178,68.58553,67.43056,,8.409091,1.8888888359069824,,6.0652175,5.9347825,5.1538463,6.2608695,7,,2.9782607555389404,.1086956486,.9782608747,0,0,.0652173907,6,3.586957,.2173913,5,.13043478,3.5869565,0,0,0,0,0,.9347826242,0,0,.97826087,3,3.5681818,8.456522,,7.4347825,6.6086955,8.130435,,1.7173912525177002,4.2826085090637207,4.1860466003417969,4.1951217651367187,3.769230842590332,2.230769157409668,1.5675675868988037,4.4324326515197754,3.34883713722229,2.65116286277771,2.5555555820465088,3.4444444179534912,2.6521739959716797,4.0434784889221191,,.4347825944,.6304348111,.2173912972,.2608695626,.0652173907,.2826086879,.1521739066,.0217391308,.2173912972,.2608695626,.0217391308
"Utah","UT",227,"USA_08112016_P1",2016,2016,3,26,.1153846,,,,,64.9915,55.75276,74.23024,24,"High (60-69)",9,8.032415,9.967585,8.333333,6.855324,9.811342,,3.3333332538604736,2.6666667461395264,3.3333332538604736,2.6666667461395264,1.6666666269302368,4.3333334922790527,55.55556,55.55556,,3.3333332538604736,4.3333334922790527,4.6666665077209473,4.6666665077209473,81.25,81.25,,4.6666665077209473,1.3333333730697632,3.6666667461395264,2.3333332538604736,1.3333333730697632,16.66667,16.66667,,4,2,3.5,2.5,1.5,4.5,50,53.05555,,2,4,3.6666667461395264,4.3333334922790527,1.3333333730697632,4.6666665077209473,1.3333333730697632,4.6666665077209473,81.66666,81.66666,,2.6666667461395264,2,4,3.6666667461395264,3.6666667461395264,2,55,55,,2.5,2.3333332538604736,3.6666667461395264,3.3333332538604736,2.6666667461395264,1.6666666269302368,4.3333334922790527,45,53.33333,,1.3333333730697632,4.6666665077209473,1.6666666269302368,4.3333334922790527,2.6666667461395264,4.3333334922790527,4.6666665077209473,4,3.3333332538604736,2.3333332538604736,69.79166,69.79166,,4,3.3333332538604736,4.3333334922790527,,,1,5,,74.41666,,1.3333333730697632,4.6666665077209473,2.6666667461395264,3.3333332538604736,1.6666666269302368,4.3333334922790527,5,100,77.91666,,3.3333332538604736,4.6666665077209473,3.6666667461395264,4,72.91666,72.91666,,8.666667,1,,8.333333,5.6666665,4,7,8,,3,0,1,0,0,0,6,4.333333,0,5,.33333334,4,0,0,0,0,0,1,0,0,1,3.6666667461395,3.6666667,8,,7.3333335,5.6666665,9.666667,,1.3333333730697632,4.6666665077209473,4.3333334922790527,4.3333334922790527,4.3333334922790527,1.6666666269302368,1.6666666269302368,4.3333334922790527,3.3333332538604736,2.6666667461395264,2,4,4.3333334922790527,3.6666667461395264,,.6666666865,.6666666865,.3333333433,.3333333433,0,0,0,0,.6666666865,.6666666865,0
"Virginia","VA",120,"USA_08112016_P1",2016,2016,28,122,.2295082,,60.37415,56.49487,64.25343,59.74399,57.22521,62.26276,36,"Moderate (50-59)",7.75,7.339987,8.160013,6.75,6.221261,7.278739,,3.9259259700775146,2.0740740299224854,3.653846263885498,2.346153736114502,3.2857143878936768,2.7142856121063232,34.61538,34.86607,,3.8148148059844971,3.6666667461395264,4.2399997711181641,4.320000171661377,76,75.21205,,4.2800002098083496,1.7200000286102295,4.4615383148193359,1.5384615659713745,1.5199999809265137,14,16.3244,,3.8823528289794922,2.1176471710205078,2.8571429252624512,3.1428570747375488,2.5999999046325684,3.4000000953674316,48.21429,52.17262,,2.1818182468414307,3.8181817531585693,3.7599999904632568,3.461538553237915,2.3333332538604736,3.6666667461395264,1.6363636255264282,4.3636364936828613,71.75,70.21429,,2.730769157409668,2.730769157409668,3.269230842590332,3.3478260040283203,2.692307710647583,2.5499999523162842,47.94118,48.1875,,2.7619047164916992,3.0399999618530273,2.3913042545318604,3.3333332538604736,2.6666667461395264,2.3888888359069824,3.6111111640930176,48.125,48.39286,,2.3333332538604736,3.6666667461395264,2.2352941036224365,3.7647058963775635,3.5714285373687744,3.7857143878936768,3.952380895614624,3.8235294818878174,4.2173914909362793,1.25,60.71429,64.15736,,4.2272725105285645,4.3703703880310059,4.320000171661377,1.5555555820465088,4.4444446563720703,1.6666666269302368,4.3333334922790527,85,82.0625,,1.7916666269302368,4.2083334922790527,3.692307710647583,2.307692289352417,1.884615421295166,4.115384578704834,4.0555553436279297,63.88889,66.31696,,3.846153736114502,3.8148148059844971,4.0869565010070801,4,73.36957,73.42634,,7.9629631,1.2142857313156128,,7.5357141,7.2857141,5.7199998,6.6785712,7.5714288,,2.9285714626312256,.1071428582,.9642857313,.1071428582,.0357142873,.0714285746,5.9642858505249023,3.392857,.39285713,5,.03571429,3.39285707,.0357142873,0,0,0,0,.821428597,0,0,.9285714,2.7857143878937,3.6071429,7.9259257,,7,7.6428571,9.0357141,,1.576923131942749,4.4230771064758301,4.1923074722290039,4.1739130020141602,3.6956522464752197,2.3043477535247803,1.5833333730697632,4.4166665077209473,3.6071429252624512,2.3928570747375488,2.2727272510528564,3.7272727489471436,3.2857143878936768,4.3571429252624512,,.5,.571428597,.2142857164,.4642857015,.1785714328,.1428571492,.1071428582,0,.2142857164,.2142857164,0
"Vermont","VT",228,"USA_08112016_P1",2016,2016,4,20,.2,,,,,75.22959,66.67712,83.78207,1,"Very High (70 or more)",9.75,9.331024,10.16898,7.5,7.016208,7.983792,,3,3,2.5,3.5,1.75,4.25,64.58334,64.58334,,4.25,4.5,4.5,4.5,85.9375,85.9375,,2.6666667461395264,3.3333332538604736,3,3,3.6666667461395264,58.33333,50.10416,,2,4,2.5,3.5,2.25,3.75,68.75,68.75,,1.5,4.5,4.25,4.25,1.25,4.75,1.25,4.75,87.5,87.5,,4.25,1.3333333730697632,4.6666665077209473,3.3333332538604736,4.6666665077209473,1.5,75,65.75,,3.75,2.5,4.25,2.5,3.5,1.5,4.5,67.5,67.5,,1,5,1.25,4.75,4.25,4.75,4.5,4,4.25,1.75,79.16666,78.86719,,4.5,4.25,4.75,2,4,1.5,4.5,85,85.3125,,1.75,4.25,4.5,1.5,1.5,4.5,5,72.91666,68.67188,,4.75,4.5,4.5,4.5,89.0625,89.0625,,9,2.5,,9.5,9.25,9.25,8.5,9.5,,2.5,0,1,0,0,0,6,3.5,.5,5,0,3.75,0,0,0,0,0,1,0,0,1,2,3,9.25,,6.5,7.25,9.25,,1,5,5,4.75,2.5,3.5,1.5,4.5,2.5,3.5,1.25,4.75,4.25,4.5,,.25,.75,.5,.5,0,0,0,0,.25,0,.25
"Washington","WA",229,"USA_08112016_P1",2016,2016,7,54,.1296296,,,,,72.46356,69.30637,75.62076,7,"Very High (70 or more)",9.4285717,8.93019,9.926953,6.2857141,4.746491,7.824937,,2.7142856121063232,3.2857143878936768,2.7142856121063232,3.2857143878936768,1.4285714626312256,4.5714287757873535,67.85714,67.85714,,4.7142858505249023,4.8571429252624512,4.5714287757873535,4.7142858505249023,92.85714,92.85714,,3,3,3.5999999046325684,2.4000000953674316,2.5999999046325684,41.66667,38.51191,,3.5,2.5,2,4,1.3999999761581421,4.5999999046325684,66.66667,61.84524,,2.1428570747375488,3.8571429252624512,4.2857141494750977,4.1428570747375488,1.8571428060531616,4.1428570747375488,1.2857142686843872,4.7142858505249023,80.71429,80.71429,,3.8571429252624512,2.1428570747375488,3.8571429252624512,4.2857141494750977,3.7142856121063232,2.4000000953674316,59,65.42857,,3.25,3.2857143878936768,2.7999999523162842,3.8571429252624512,2.1428570747375488,2.2000000476837158,3.7999999523162842,53.33333,51.5,,1.2857142686843872,4.7142858505249023,1,5,4.7142858505249023,4.1428570747375488,5,4,4.4285712242126465,1.2000000476837158,78.125,77.99107,,4.6666665077209473,4.4285712242126465,4.7142858505249023,1.3333333730697632,4.6666665077209473,1.6000000238418579,4.4000000953674316,88.33334,86.25,,1.2857142686843872,4.7142858505249023,4.1428570747375488,1.8571428060531616,1.8571428060531616,4.1428570747375488,4,65,67.32143,,4.5714287757873535,4.7142858505249023,4.5,4.7142858505249023,89.58334,90.49107,,7.5714288,1.5714285373687744,,8.5714283,7.4285712,7.2857141,7.4285712,8.4285717,,3,.1428571492,1,0,0,0,5.8571429252624512,3.142857,.14285715,5,0,3.28571439,0,0,0,0,0,.8571428657,0,0,1,2.7142856121063,2.5714285,9.1428576,,7.1428571,7.7142859,8.5714283,,1,5,4.6666665077209473,4.7142858505249023,2,4,1.1428571939468384,4.8571429252624512,2.2857143878936768,3.7142856121063232,1.5,4.5,4.2857141494750977,4.2857141494750977,,.2857142985,.2857142985,.1428571492,.8571428657,.4285714328,.1428571492,.2857142985,0,.2857142985,.1428571492,.1428571492
"Wisconsin","WI",230,"USA_08112016_P1",2016,2016,13,65,.2,,54.08163,,,53.85204,50.60077,57.10331,50,"Moderate (50-59)",7,6.151372,7.848628,6.3076925,5.370648,7.244737,,3.8333332538604736,2.1666667461395264,4.5384616851806641,1.4615384340286255,4.615384578704834,1.384615421295166,17.36111,17.21154,,3.9090909957885742,3.153846263885498,4.0999999046325684,4,70,70.21635,,4.846153736114502,1.1538461446762085,4.4166665077209473,1.5833333730697632,1.2307692766189575,8.333333,8.269231,,4.3333334922790527,1.6666666269302368,3.4444444179534912,2.5555555820465088,2.5,3.5,38.54167,43.78205,,2.2727272510528564,3.7272727489471436,3.923076868057251,3.461538553237915,2,4,1.7777777910232544,4.2222223281860352,72.22222,71.65385,,2.4166667461395264,2.4545454978942871,3.5454545021057129,3.0833332538604736,2.5833332538604736,1.8181818723678589,44,43.42308,,2.5714285373687744,2.2999999523162842,2.3333332538604736,4,2,2.875,3.125,30,39.72917,,2.5555555820465088,3.4444444179534912,1.8571428060531616,4.1428570747375488,2.6666667461395264,4.3076925277709961,4.25,4.375,3.9000000953674316,1.5454545021057129,65.625,64.96394,,4.3000001907348633,4.3076925277709961,4.1818180084228516,1.6000000238418579,4.4000000953674316,1.7000000476837158,4.3000001907348633,89,81.17308,,3.4166667461395264,2.5833332538604736,3.923076868057251,2.076923131942749,1.6666666269302368,4.3333334922790527,4.0999999046325684,55.55556,57.47596,,3.7272727489471436,3.1666667461395264,4,3.6363637447357178,71.875,66.39423,,8.1538458,1.384615421295166,,5.2307692,3.6153846,3.8333333,5.2307692,6.3846154,,2.846153736114502,.0769230798,1,.0769230798,.0769230798,.0769230798,6,3.538461,.23076923,5,.46153846,3.92307687,0,0,0,0,0,.8461538553,0,.0769230798,1,3.1538462638855,3,8.333333,,6.8461537,6.3846154,7.6153846,,2,4,4.0833334922790527,4.0833334922790527,3.7999999523162842,2.2000000476837158,1.615384578704834,4.384615421295166,2.846153736114502,3.153846263885498,2.5,3.5,2.4166667461395264,4.4166665077209473,,.4615384638,.8461538553,.2307692319,.2307692319,.1538461596,.2307692319,.0769230798,.2307692319,.2307692319,.3076923192,.0769230798
"West Virginia","WV",121,"USA_08112016_P1",2016,2016,2,19,.1052632,,,,,65.63776,57.42924,73.84627,20,"High (60-69)",8.5,7.662047,9.337953,5,-.0277146,10.02771,,3,3,3.5,2.5,2.5,3.5,50,50,,3,2.5,4.5,4.5,65.625,65.625,,2,4,2,4,,,38.54167,,,,,,,,,47.08333,,1,5,5,5,1.5,4.5,1,5,97.5,97.5,,3,2,4,4,3.5,2,57.5,57.5,,,5,,4.5,1.5,2,4,,53.5,,2,4,1,5,4.5,3,5,,5,1,,69.76563,,,5,5,,,1,5,,85.625,,1,5,4.5,1.5,1.5,4.5,4.5,71.875,71.875,,2,3,5,3,43.75,57.65625,,7,1,,8,5,2,6.5,7.5,,3,0,1,0,0,.5,6,2,0,5,0,2.5,0,0,0,0,0,1,0,0,1,2,3,10,,9.5,9.5,10,,1.5,4.5,4,4,2,4,1,5,3.5,2.5,,,5,5,,.5,.5,0,.5,0,0,0,0,0,.5,0
"Wyoming","WY",230,"USA_08112016_P1",2016,2016,6,19,.3157895,,69.38776,,,67.05357,63.26019,70.84696,18,"High (60-69)",9,8.567284,9.432716,8.166667,7.366823,8.966511,,3.3333332538604736,2.6666667461395264,4.5,1.5,2.1666667461395264,3.8333332538604736,41.66667,41.66667,,4.5,4,4.5,4.6666665077209473,85.41666,85.41666,,3.6666667461395264,2.3333332538604736,4.1999998092651367,1.7999999523162842,2,30,25.76389,,2.5,3.5,2.6666667461395264,3.3333332538604736,1.5,4.5,75,61.31944,,2.3333332538604736,3.6666667461395264,3.5,3.5,1.6666666269302368,4.3333334922790527,1.1666666269302368,4.8333334922790527,74.16666,74.16666,,3.8333332538604736,2.25,3.75,4,4.1666665077209473,2,70,64.20834,,3,2.6666667461395264,2.6666667461395264,3,3,1.7999999523162842,4.1999998092651367,51.66667,52.83333,,1.6000000238418579,4.4000000953674316,2.6666667461395264,3.3333332538604736,4.6666665077209473,4.1666665077209473,4.5999999046325684,4,4.5,1.5,70.3125,73.56771,,4.1999998092651367,4.6666665077209473,4.4000000953674316,2,4,1.6666666269302368,4.3333334922790527,75,80.875,,1.5,4.5,3.4000000953674316,2.5999999046325684,1.3333333730697632,4.6666665077209473,4,68.75,73.48959,,4.4000000953674316,4,4.3333334922790527,4.1999998092651367,83.33334,78.69791,,8.333333,2,,9.166667,7,5.5999999,7.5,8.833333,,2.6666667461395264,0,1,0,0,0,6,4.333333,.16666667,5,.16666667,4,0,0,0,0,0,.8333333135,0,0,1,2,3.1666667,8.833333,,8.5,7.1666665,9.166667,,1.1666666269302368,4.8333334922790527,4.8333334922790527,4.8333334922790527,2.25,3.75,1.3333333730697632,4.6666665077209473,2,4,1.3999999761581421,4.5999999046325684,4.5999999046325684,4.8333334922790527,,.3333333433,.8333333135,.3333333433,.5,.3333333433,0,0,0,0,.1666666716,0
